"case_id","unit_id","market_id","period","outcome","treated","ever_treated","adoption_period","growth_segment"
"02","unit_001","market_001",1,-0.360107019497788,0,0,,"low"
"02","unit_001","market_001",2,-0.340761912305847,0,0,,"low"
"02","unit_001","market_001",3,-0.345244971608465,0,0,,"low"
"02","unit_001","market_001",4,-0.3000944572918,0,0,,"low"
"02","unit_001","market_001",5,-0.368786054072256,0,0,,"low"
"02","unit_001","market_001",6,-0.347447680540331,0,0,,"low"
"02","unit_001","market_001",7,-0.332631189243275,0,0,,"low"
"02","unit_001","market_001",8,-0.391987997707198,0,0,,"low"
"02","unit_001","market_001",9,-0.371036102505838,0,0,,"low"
"02","unit_001","market_001",10,-0.248723141303986,0,0,,"low"
"02","unit_001","market_001",11,-0.287878051644794,0,0,,"low"
"02","unit_001","market_001",12,-0.235783104562956,0,0,,"low"
"02","unit_002","market_002",1,-0.0363532431911107,0,0,,"low"
"02","unit_002","market_002",2,-0.031491882637905,0,0,,"low"
"02","unit_002","market_002",3,-0.0201048820685365,0,0,,"low"
"02","unit_002","market_002",4,-0.0268283627967965,0,0,,"low"
"02","unit_002","market_002",5,-0.0834630871906111,0,0,,"low"
"02","unit_002","market_002",6,0.00790725986394475,0,0,,"low"
"02","unit_002","market_002",7,-0.0354163328714344,0,0,,"low"
"02","unit_002","market_002",8,-0.0679146174419023,0,0,,"low"
"02","unit_002","market_002",9,-0.041622141912055,0,0,,"low"
"02","unit_002","market_002",10,0.0220026741009872,0,0,,"low"
"02","unit_002","market_002",11,0.045909727758851,0,0,,"low"
"02","unit_002","market_002",12,0.0759520989976642,0,0,,"low"
"02","unit_003","market_003",1,0.165461473955316,0,1,7,"low"
"02","unit_003","market_003",2,0.206747884361324,0,1,7,"low"
"02","unit_003","market_003",3,0.293462782012554,0,1,7,"low"
"02","unit_003","market_003",4,0.255056800135651,0,1,7,"low"
"02","unit_003","market_003",5,0.206191769270443,0,1,7,"low"
"02","unit_003","market_003",6,0.23777481034956,0,1,7,"low"
"02","unit_003","market_003",7,0.479231046399111,1,1,7,"low"
"02","unit_003","market_003",8,0.493452615431232,1,1,7,"low"
"02","unit_003","market_003",9,0.521711845325267,1,1,7,"low"
"02","unit_003","market_003",10,0.467758674230486,1,1,7,"low"
"02","unit_003","market_003",11,0.599380812062689,1,1,7,"low"
"02","unit_003","market_003",12,0.610681956535703,1,1,7,"low"
"02","unit_004","market_004",1,-0.411204014526219,0,0,,"low"
"02","unit_004","market_004",2,-0.42824609066538,0,0,,"low"
"02","unit_004","market_004",3,-0.356527478960833,0,0,,"low"
"02","unit_004","market_004",4,-0.41718284006759,0,0,,"low"
"02","unit_004","market_004",5,-0.31941498115687,0,0,,"low"
"02","unit_004","market_004",6,-0.383974952529317,0,0,,"low"
"02","unit_004","market_004",7,-0.401657568114205,0,0,,"low"
"02","unit_004","market_004",8,-0.409425919326682,0,0,,"low"
"02","unit_004","market_004",9,-0.3953373228664,0,0,,"low"
"02","unit_004","market_004",10,-0.360082355005372,0,0,,"low"
"02","unit_004","market_004",11,-0.270164665212623,0,0,,"low"
"02","unit_004","market_004",12,-0.248186467896637,0,0,,"low"
"02","unit_005","market_005",1,1.2823677195175,0,1,7,"low"
"02","unit_005","market_005",2,1.29841906305479,0,1,7,"low"
"02","unit_005","market_005",3,1.32242200816724,0,1,7,"low"
"02","unit_005","market_005",4,1.28715094454472,0,1,7,"low"
"02","unit_005","market_005",5,1.32456472446944,0,1,7,"low"
"02","unit_005","market_005",6,1.2863881613428,0,1,7,"low"
"02","unit_005","market_005",7,1.48365068923052,1,1,7,"low"
"02","unit_005","market_005",8,1.52760161881802,1,1,7,"low"
"02","unit_005","market_005",9,1.58344141126778,1,1,7,"low"
"02","unit_005","market_005",10,1.55973819966512,1,1,7,"low"
"02","unit_005","market_005",11,1.60966023386002,1,1,7,"low"
"02","unit_005","market_005",12,1.6995912276728,1,1,7,"low"
"02","unit_006","market_006",1,-0.512121692143033,0,0,,"low"
"02","unit_006","market_006",2,-0.485665201412104,0,0,,"low"
"02","unit_006","market_006",3,-0.424574310056679,0,0,,"low"
"02","unit_006","market_006",4,-0.43506568312394,0,0,,"low"
"02","unit_006","market_006",5,-0.417704653139921,0,0,,"low"
"02","unit_006","market_006",6,-0.475816016265453,0,0,,"low"
"02","unit_006","market_006",7,-0.479779213656431,0,0,,"low"
"02","unit_006","market_006",8,-0.482230751069872,0,0,,"low"
"02","unit_006","market_006",9,-0.436195460747862,0,0,,"low"
"02","unit_006","market_006",10,-0.385758427925239,0,0,,"low"
"02","unit_006","market_006",11,-0.404584980119093,0,0,,"low"
"02","unit_006","market_006",12,-0.294991189235208,0,0,,"low"
"02","unit_007","market_007",1,0.211938690051126,0,0,,"low"
"02","unit_007","market_007",2,0.290487920974929,0,0,,"low"
"02","unit_007","market_007",3,0.260766518879501,0,0,,"low"
"02","unit_007","market_007",4,0.257016122566783,0,0,,"low"
"02","unit_007","market_007",5,0.295964874122502,0,0,,"low"
"02","unit_007","market_007",6,0.259896543338348,0,0,,"low"
"02","unit_007","market_007",7,0.227096298323387,0,0,,"low"
"02","unit_007","market_007",8,0.221088603822441,0,0,,"low"
"02","unit_007","market_007",9,0.251259151506668,0,0,,"low"
"02","unit_007","market_007",10,0.275343028073597,0,0,,"low"
"02","unit_007","market_007",11,0.372706782480331,0,0,,"low"
"02","unit_007","market_007",12,0.398346443239251,0,0,,"low"
"02","unit_008","market_008",1,-0.237919105467632,0,1,7,"low"
"02","unit_008","market_008",2,-0.206877211204753,0,1,7,"low"
"02","unit_008","market_008",3,-0.140842479572084,0,1,7,"low"
"02","unit_008","market_008",4,-0.118402535911783,0,1,7,"low"
"02","unit_008","market_008",5,-0.194028841032436,0,1,7,"low"
"02","unit_008","market_008",6,-0.211046991297524,0,1,7,"low"
"02","unit_008","market_008",7,0.0270113703137302,1,1,7,"low"
"02","unit_008","market_008",8,0.00506228876001008,1,1,7,"low"
"02","unit_008","market_008",9,0.042230013958048,1,1,7,"low"
"02","unit_008","market_008",10,0.0935190335864251,1,1,7,"low"
"02","unit_008","market_008",11,0.114771496124626,1,1,7,"low"
"02","unit_008","market_008",12,0.157037952869809,1,1,7,"low"
"02","unit_009","market_009",1,0.647180609048982,0,0,,"low"
"02","unit_009","market_009",2,0.680751425567016,0,0,,"low"
"02","unit_009","market_009",3,0.672903399157031,0,0,,"low"
"02","unit_009","market_009",4,0.727220062488734,0,0,,"low"
"02","unit_009","market_009",5,0.682871520322081,0,0,,"low"
"02","unit_009","market_009",6,0.760780001996769,0,0,,"low"
"02","unit_009","market_009",7,0.674262322515575,0,0,,"low"
"02","unit_009","market_009",8,0.651123105185721,0,0,,"low"
"02","unit_009","market_009",9,0.678998582349752,0,0,,"low"
"02","unit_009","market_009",10,0.775579398601202,0,0,,"low"
"02","unit_009","market_009",11,0.765326386485062,0,0,,"low"
"02","unit_009","market_009",12,0.764711536515476,0,0,,"low"
"02","unit_010","market_010",1,0.547343089285843,0,0,,"low"
"02","unit_010","market_010",2,0.562702767623698,0,0,,"low"
"02","unit_010","market_010",3,0.559760455282582,0,0,,"low"
"02","unit_010","market_010",4,0.594013483901568,0,0,,"low"
"02","unit_010","market_010",5,0.549134927485587,0,0,,"low"
"02","unit_010","market_010",6,0.532554438421944,0,0,,"low"
"02","unit_010","market_010",7,0.525865846111509,0,0,,"low"
"02","unit_010","market_010",8,0.489204278208128,0,0,,"low"
"02","unit_010","market_010",9,0.545901086793328,0,0,,"low"
"02","unit_010","market_010",10,0.563828682363617,0,0,,"low"
"02","unit_010","market_010",11,0.595275198511436,0,0,,"low"
"02","unit_010","market_010",12,0.682856518326698,0,0,,"low"
"02","unit_011","market_011",1,-0.502187062555413,0,0,,"low"
"02","unit_011","market_011",2,-0.495191967698788,0,0,,"low"
"02","unit_011","market_011",3,-0.44156961077106,0,0,,"low"
"02","unit_011","market_011",4,-0.44280788384494,0,0,,"low"
"02","unit_011","market_011",5,-0.507555354219175,0,0,,"low"
"02","unit_011","market_011",6,-0.531543081943554,0,0,,"low"
"02","unit_011","market_011",7,-0.515249729923211,0,0,,"low"
"02","unit_011","market_011",8,-0.51091765044785,0,0,,"low"
"02","unit_011","market_011",9,-0.547787961044181,0,0,,"low"
"02","unit_011","market_011",10,-0.419318926140276,0,0,,"low"
"02","unit_011","market_011",11,-0.426285914845705,0,0,,"low"
"02","unit_011","market_011",12,-0.390056479850845,0,0,,"low"
"02","unit_012","market_012",1,0.0472712574770284,0,0,,"low"
"02","unit_012","market_012",2,0.031953131894579,0,0,,"low"
"02","unit_012","market_012",3,0.079134386443981,0,0,,"low"
"02","unit_012","market_012",4,0.0844360900720831,0,0,,"low"
"02","unit_012","market_012",5,0.0144095800257272,0,0,,"low"
"02","unit_012","market_012",6,0.00687012186391016,0,0,,"low"
"02","unit_012","market_012",7,0.0305430321913196,0,0,,"low"
"02","unit_012","market_012",8,0.0398338826853311,0,0,,"low"
"02","unit_012","market_012",9,0.0227873812153058,0,0,,"low"
"02","unit_012","market_012",10,0.06550051616995,0,0,,"low"
"02","unit_012","market_012",11,0.0880259817995319,0,0,,"low"
"02","unit_012","market_012",12,0.113034813229863,0,0,,"low"
"02","unit_013","market_013",1,-0.288009973824444,0,0,,"low"
"02","unit_013","market_013",2,-0.238619082253703,0,0,,"low"
"02","unit_013","market_013",3,-0.288990882565862,0,0,,"low"
"02","unit_013","market_013",4,-0.176205114733387,0,0,,"low"
"02","unit_013","market_013",5,-0.231455487722217,0,0,,"low"
"02","unit_013","market_013",6,-0.300345328681682,0,0,,"low"
"02","unit_013","market_013",7,-0.307927910171886,0,0,,"low"
"02","unit_013","market_013",8,-0.297834222218142,0,0,,"low"
"02","unit_013","market_013",9,-0.342363651129269,0,0,,"low"
"02","unit_013","market_013",10,-0.235163822307728,0,0,,"low"
"02","unit_013","market_013",11,-0.15139396630342,0,0,,"low"
"02","unit_013","market_013",12,-0.126518526921627,0,0,,"low"
"02","unit_014","market_014",1,0.247407285596789,0,0,,"low"
"02","unit_014","market_014",2,0.298634123444097,0,0,,"low"
"02","unit_014","market_014",3,0.331608200966863,0,0,,"low"
"02","unit_014","market_014",4,0.30449301259836,0,0,,"low"
"02","unit_014","market_014",5,0.31244493149861,0,0,,"low"
"02","unit_014","market_014",6,0.297997873391273,0,0,,"low"
"02","unit_014","market_014",7,0.246712599346001,0,0,,"low"
"02","unit_014","market_014",8,0.287759072990283,0,0,,"low"
"02","unit_014","market_014",9,0.277231149240592,0,0,,"low"
"02","unit_014","market_014",10,0.355985795790308,0,0,,"low"
"02","unit_014","market_014",11,0.384270106446795,0,0,,"low"
"02","unit_014","market_014",12,0.405910019563433,0,0,,"low"
"02","unit_015","market_015",1,-0.183983145965462,0,1,7,"low"
"02","unit_015","market_015",2,-0.177488540002301,0,1,7,"low"
"02","unit_015","market_015",3,-0.134571954398748,0,1,7,"low"
"02","unit_015","market_015",4,-0.107487929819988,0,1,7,"low"
"02","unit_015","market_015",5,-0.117269741560697,0,1,7,"low"
"02","unit_015","market_015",6,-0.12698425252023,0,1,7,"low"
"02","unit_015","market_015",7,0.122372467278972,1,1,7,"low"
"02","unit_015","market_015",8,0.0476283844213598,1,1,7,"low"
"02","unit_015","market_015",9,0.166551852454248,1,1,7,"low"
"02","unit_015","market_015",10,0.142615970395703,1,1,7,"low"
"02","unit_015","market_015",11,0.184961787023962,1,1,7,"low"
"02","unit_015","market_015",12,0.258273914139168,1,1,7,"low"
"02","unit_016","market_016",1,0.756243728312576,0,1,7,"low"
"02","unit_016","market_016",2,0.772135393841776,0,1,7,"low"
"02","unit_016","market_016",3,0.847529434854425,0,1,7,"low"
"02","unit_016","market_016",4,0.816153152969983,0,1,7,"low"
"02","unit_016","market_016",5,0.767748355089637,0,1,7,"low"
"02","unit_016","market_016",6,0.742911009445661,0,1,7,"low"
"02","unit_016","market_016",7,0.999339032213303,1,1,7,"low"
"02","unit_016","market_016",8,1.00538762342535,1,1,7,"low"
"02","unit_016","market_016",9,1.00107054996372,1,1,7,"low"
"02","unit_016","market_016",10,1.06597008193561,1,1,7,"low"
"02","unit_016","market_016",11,1.09740805363948,1,1,7,"low"
"02","unit_016","market_016",12,1.13149268657395,1,1,7,"low"
"02","unit_017","market_017",1,-0.265881015347665,0,0,,"low"
"02","unit_017","market_017",2,-0.190458663994996,0,0,,"low"
"02","unit_017","market_017",3,-0.165734420755355,0,0,,"low"
"02","unit_017","market_017",4,-0.132824534644159,0,0,,"low"
"02","unit_017","market_017",5,-0.165563954265179,0,0,,"low"
"02","unit_017","market_017",6,-0.173853987712916,0,0,,"low"
"02","unit_017","market_017",7,-0.223627717474023,0,0,,"low"
"02","unit_017","market_017",8,-0.17934860445056,0,0,,"low"
"02","unit_017","market_017",9,-0.133704353285622,0,0,,"low"
"02","unit_017","market_017",10,-0.149044647342884,0,0,,"low"
"02","unit_017","market_017",11,-0.124963237603865,0,0,,"low"
"02","unit_017","market_017",12,-0.104594204561864,0,0,,"low"
"02","unit_018","market_018",1,0.0404680416012692,0,0,,"low"
"02","unit_018","market_018",2,0.103221543683068,0,0,,"low"
"02","unit_018","market_018",3,0.0969804309478565,0,0,,"low"
"02","unit_018","market_018",4,0.116479059211608,0,0,,"low"
"02","unit_018","market_018",5,0.0937775613629658,0,0,,"low"
"02","unit_018","market_018",6,0.0712428878701896,0,0,,"low"
"02","unit_018","market_018",7,0.0673124822678663,0,0,,"low"
"02","unit_018","market_018",8,0.0287284255999694,0,0,,"low"
"02","unit_018","market_018",9,0.0522616686396436,0,0,,"low"
"02","unit_018","market_018",10,0.114255388868459,0,0,,"low"
"02","unit_018","market_018",11,0.133482873220533,0,0,,"low"
"02","unit_018","market_018",12,0.211759681906352,0,0,,"low"
"02","unit_019","market_019",1,-0.251553201810119,0,1,7,"low"
"02","unit_019","market_019",2,-0.258893944439614,0,1,7,"low"
"02","unit_019","market_019",3,-0.214657437704495,0,1,7,"low"
"02","unit_019","market_019",4,-0.168678954576486,0,1,7,"low"
"02","unit_019","market_019",5,-0.224049617732522,0,1,7,"low"
"02","unit_019","market_019",6,-0.206754495545769,0,1,7,"low"
"02","unit_019","market_019",7,0.0163032525159927,1,1,7,"low"
"02","unit_019","market_019",8,0.0176012339858104,1,1,7,"low"
"02","unit_019","market_019",9,0.0424715697857269,1,1,7,"low"
"02","unit_019","market_019",10,0.0110864221548004,1,1,7,"low"
"02","unit_019","market_019",11,0.0805639157235779,1,1,7,"low"
"02","unit_019","market_019",12,0.093356468255338,1,1,7,"low"
"02","unit_020","market_020",1,-0.234343070901329,0,1,7,"low"
"02","unit_020","market_020",2,-0.154915433460094,0,1,7,"low"
"02","unit_020","market_020",3,-0.113517263784396,0,1,7,"low"
"02","unit_020","market_020",4,-0.131248579069406,0,1,7,"low"
"02","unit_020","market_020",5,-0.170679603443993,0,1,7,"low"
"02","unit_020","market_020",6,-0.164666988911572,0,1,7,"low"
"02","unit_020","market_020",7,0.0866786374659171,1,1,7,"low"
"02","unit_020","market_020",8,0.0332500593198663,1,1,7,"low"
"02","unit_020","market_020",9,0.0818824940950919,1,1,7,"low"
"02","unit_020","market_020",10,0.0782589282528698,1,1,7,"low"
"02","unit_020","market_020",11,0.11408156218127,1,1,7,"low"
"02","unit_020","market_020",12,0.198134333217344,1,1,7,"low"
"02","unit_021","market_021",1,0.0995213139140725,0,0,,"low"
"02","unit_021","market_021",2,0.176303736979711,0,0,,"low"
"02","unit_021","market_021",3,0.178141855378574,0,0,,"low"
"02","unit_021","market_021",4,0.183085830480831,0,0,,"low"
"02","unit_021","market_021",5,0.219135765004125,0,0,,"low"
"02","unit_021","market_021",6,0.176073808348966,0,0,,"low"
"02","unit_021","market_021",7,0.139879218033636,0,0,,"low"
"02","unit_021","market_021",8,0.153248177053953,0,0,,"low"
"02","unit_021","market_021",9,0.183783088632646,0,0,,"low"
"02","unit_021","market_021",10,0.178889079756332,0,0,,"low"
"02","unit_021","market_021",11,0.274801148465699,0,0,,"low"
"02","unit_021","market_021",12,0.254680180019437,0,0,,"low"
"02","unit_022","market_022",1,0.823832931271603,0,0,,"low"
"02","unit_022","market_022",2,0.879562066225318,0,0,,"low"
"02","unit_022","market_022",3,0.893631758765288,0,0,,"low"
"02","unit_022","market_022",4,0.92584132165918,0,0,,"low"
"02","unit_022","market_022",5,0.948294171875686,0,0,,"low"
"02","unit_022","market_022",6,0.857575117416693,0,0,,"low"
"02","unit_022","market_022",7,0.831854838470548,0,0,,"low"
"02","unit_022","market_022",8,0.869141431907246,0,0,,"low"
"02","unit_022","market_022",9,0.853154560102607,0,0,,"low"
"02","unit_022","market_022",10,0.897609824907698,0,0,,"low"
"02","unit_022","market_022",11,0.973557911641216,0,0,,"low"
"02","unit_022","market_022",12,1.04628675497067,0,0,,"low"
"02","unit_023","market_023",1,0.929899259517464,0,1,7,"low"
"02","unit_023","market_023",2,0.921137054603918,0,1,7,"low"
"02","unit_023","market_023",3,0.957637568885466,0,1,7,"low"
"02","unit_023","market_023",4,0.969690354573057,0,1,7,"low"
"02","unit_023","market_023",5,0.945898755173821,0,1,7,"low"
"02","unit_023","market_023",6,0.927524256046638,0,1,7,"low"
"02","unit_023","market_023",7,1.15546451732601,1,1,7,"low"
"02","unit_023","market_023",8,1.15458223434128,1,1,7,"low"
"02","unit_023","market_023",9,1.15747385207033,1,1,7,"low"
"02","unit_023","market_023",10,1.20928281183414,1,1,7,"low"
"02","unit_023","market_023",11,1.22091823056917,1,1,7,"low"
"02","unit_023","market_023",12,1.24683586631562,1,1,7,"low"
"02","unit_024","market_024",1,0.435202975627714,0,0,,"low"
"02","unit_024","market_024",2,0.483375067445924,0,0,,"low"
"02","unit_024","market_024",3,0.471921128674218,0,0,,"low"
"02","unit_024","market_024",4,0.472993549938459,0,0,,"low"
"02","unit_024","market_024",5,0.427365089277006,0,0,,"low"
"02","unit_024","market_024",6,0.462287098038895,0,0,,"low"
"02","unit_024","market_024",7,0.392972172447663,0,0,,"low"
"02","unit_024","market_024",8,0.408159018445245,0,0,,"low"
"02","unit_024","market_024",9,0.428807915532371,0,0,,"low"
"02","unit_024","market_024",10,0.488482748039879,0,0,,"low"
"02","unit_024","market_024",11,0.504178743967818,0,0,,"low"
"02","unit_024","market_024",12,0.531802701478812,0,0,,"low"
"02","unit_025","market_025",1,-0.0443884240099397,0,0,,"low"
"02","unit_025","market_025",2,-0.033698646197632,0,0,,"low"
"02","unit_025","market_025",3,-0.0475696910596691,0,0,,"low"
"02","unit_025","market_025",4,0.0214278582771637,0,0,,"low"
"02","unit_025","market_025",5,0.00236270080386215,0,0,,"low"
"02","unit_025","market_025",6,-0.0348316202810043,0,0,,"low"
"02","unit_025","market_025",7,-0.0638136376311947,0,0,,"low"
"02","unit_025","market_025",8,-0.044023723573622,0,0,,"low"
"02","unit_025","market_025",9,-0.0367842428713488,0,0,,"low"
"02","unit_025","market_025",10,0.0246846734106221,0,0,,"low"
"02","unit_025","market_025",11,0.0256254250967811,0,0,,"low"
"02","unit_025","market_025",12,0.0910549789178432,0,0,,"low"
"02","unit_026","market_026",1,-0.329705669276856,0,0,,"low"
"02","unit_026","market_026",2,-0.283584044628012,0,0,,"low"
"02","unit_026","market_026",3,-0.280922581866551,0,0,,"low"
"02","unit_026","market_026",4,-0.247714400453825,0,0,,"low"
"02","unit_026","market_026",5,-0.224783660391835,0,0,,"low"
"02","unit_026","market_026",6,-0.226174991884358,0,0,,"low"
"02","unit_026","market_026",7,-0.306906973864616,0,0,,"low"
"02","unit_026","market_026",8,-0.321778946341607,0,0,,"low"
"02","unit_026","market_026",9,-0.297879901865284,0,0,,"low"
"02","unit_026","market_026",10,-0.25835586926016,0,0,,"low"
"02","unit_026","market_026",11,-0.201975858219535,0,0,,"low"
"02","unit_026","market_026",12,-0.136674860063759,0,0,,"low"
"02","unit_027","market_027",1,0.0842553389585984,0,0,,"low"
"02","unit_027","market_027",2,0.0775120892758106,0,0,,"low"
"02","unit_027","market_027",3,0.150698905279179,0,0,,"low"
"02","unit_027","market_027",4,0.123003610652508,0,0,,"low"
"02","unit_027","market_027",5,0.148038255766987,0,0,,"low"
"02","unit_027","market_027",6,0.0962760236148126,0,0,,"low"
"02","unit_027","market_027",7,0.0861184610517361,0,0,,"low"
"02","unit_027","market_027",8,0.0530321830331733,0,0,,"low"
"02","unit_027","market_027",9,0.106928891952637,0,0,,"low"
"02","unit_027","market_027",10,0.153716160584025,0,0,,"low"
"02","unit_027","market_027",11,0.133053476338506,0,0,,"low"
"02","unit_027","market_027",12,0.200142083648108,0,0,,"low"
"02","unit_028","market_028",1,0.274038848633451,0,0,,"low"
"02","unit_028","market_028",2,0.362384354393204,0,0,,"low"
"02","unit_028","market_028",3,0.307604789598195,0,0,,"low"
"02","unit_028","market_028",4,0.362202640889461,0,0,,"low"
"02","unit_028","market_028",5,0.29115568777921,0,0,,"low"
"02","unit_028","market_028",6,0.29750168383288,0,0,,"low"
"02","unit_028","market_028",7,0.318968781495101,0,0,,"low"
"02","unit_028","market_028",8,0.290505313625576,0,0,,"low"
"02","unit_028","market_028",9,0.296653776656414,0,0,,"low"
"02","unit_028","market_028",10,0.346420508599926,0,0,,"low"
"02","unit_028","market_028",11,0.383042691352359,0,0,,"low"
"02","unit_028","market_028",12,0.421511221375884,0,0,,"low"
"02","unit_029","market_029",1,-0.219384372191414,0,0,,"low"
"02","unit_029","market_029",2,-0.218188839475269,0,0,,"low"
"02","unit_029","market_029",3,-0.124126324367084,0,0,,"low"
"02","unit_029","market_029",4,-0.123811469057566,0,0,,"low"
"02","unit_029","market_029",5,-0.122481922002533,0,0,,"low"
"02","unit_029","market_029",6,-0.154375360594874,0,0,,"low"
"02","unit_029","market_029",7,-0.158703058851429,0,0,,"low"
"02","unit_029","market_029",8,-0.165685809079567,0,0,,"low"
"02","unit_029","market_029",9,-0.149244529045194,0,0,,"low"
"02","unit_029","market_029",10,-0.119017916717257,0,0,,"low"
"02","unit_029","market_029",11,-0.0603928430988653,0,0,,"low"
"02","unit_029","market_029",12,-0.0220768028481026,0,0,,"low"
"02","unit_030","market_030",1,0.158855408002317,0,0,,"low"
"02","unit_030","market_030",2,0.229089701595402,0,0,,"low"
"02","unit_030","market_030",3,0.263409436857778,0,0,,"low"
"02","unit_030","market_030",4,0.326180109795433,0,0,,"low"
"02","unit_030","market_030",5,0.274123313760876,0,0,,"low"
"02","unit_030","market_030",6,0.204092780463389,0,0,,"low"
"02","unit_030","market_030",7,0.231304167413115,0,0,,"low"
"02","unit_030","market_030",8,0.174415776196614,0,0,,"low"
"02","unit_030","market_030",9,0.230688021524293,0,0,,"low"
"02","unit_030","market_030",10,0.232410179716106,0,0,,"low"
"02","unit_030","market_030",11,0.233379809637954,0,0,,"low"
"02","unit_030","market_030",12,0.334992758936387,0,0,,"low"
"02","unit_031","market_031",1,-0.212007943365025,0,1,7,"low"
"02","unit_031","market_031",2,-0.1982365828843,0,1,7,"low"
"02","unit_031","market_031",3,-0.173534836044608,0,1,7,"low"
"02","unit_031","market_031",4,-0.10986389572985,0,1,7,"low"
"02","unit_031","market_031",5,-0.243849657593765,0,1,7,"low"
"02","unit_031","market_031",6,-0.166340649840288,0,1,7,"low"
"02","unit_031","market_031",7,0.0119614250407196,1,1,7,"low"
"02","unit_031","market_031",8,0.040565169707475,1,1,7,"low"
"02","unit_031","market_031",9,0.0548873919686483,1,1,7,"low"
"02","unit_031","market_031",10,0.0685980343585174,1,1,7,"low"
"02","unit_031","market_031",11,0.162960605619863,1,1,7,"low"
"02","unit_031","market_031",12,0.19772611490339,1,1,7,"low"
"02","unit_032","market_032",1,-0.00390280176545318,0,0,,"low"
"02","unit_032","market_032",2,0.0832968444353272,0,0,,"low"
"02","unit_032","market_032",3,0.136316251711729,0,0,,"low"
"02","unit_032","market_032",4,0.141180836011751,0,0,,"low"
"02","unit_032","market_032",5,0.114545590255121,0,0,,"low"
"02","unit_032","market_032",6,0.0301385068121011,0,0,,"low"
"02","unit_032","market_032",7,0.0505028221304524,0,0,,"low"
"02","unit_032","market_032",8,0.0590840676206996,0,0,,"low"
"02","unit_032","market_032",9,0.061871811667481,0,0,,"low"
"02","unit_032","market_032",10,0.0482127576736863,0,0,,"low"
"02","unit_032","market_032",11,0.141500985706273,0,0,,"low"
"02","unit_032","market_032",12,0.194079076804091,0,0,,"low"
"02","unit_033","market_033",1,0.585824749960607,0,1,7,"low"
"02","unit_033","market_033",2,0.637723141522465,0,1,7,"low"
"02","unit_033","market_033",3,0.596551860205456,0,1,7,"low"
"02","unit_033","market_033",4,0.571850101698548,0,1,7,"low"
"02","unit_033","market_033",5,0.591635998354056,0,1,7,"low"
"02","unit_033","market_033",6,0.532292752162974,0,1,7,"low"
"02","unit_033","market_033",7,0.834197113407503,1,1,7,"low"
"02","unit_033","market_033",8,0.774954031478614,1,1,7,"low"
"02","unit_033","market_033",9,0.82686918937867,1,1,7,"low"
"02","unit_033","market_033",10,0.93132886739803,1,1,7,"low"
"02","unit_033","market_033",11,0.919095164916278,1,1,7,"low"
"02","unit_033","market_033",12,0.918123584934885,1,1,7,"low"
"02","unit_034","market_034",1,0.896228795985521,0,0,,"low"
"02","unit_034","market_034",2,0.946557221696344,0,0,,"low"
"02","unit_034","market_034",3,1.0048094463583,0,0,,"low"
"02","unit_034","market_034",4,1.02373855751886,0,0,,"low"
"02","unit_034","market_034",5,1.02648445481945,0,0,,"low"
"02","unit_034","market_034",6,0.939209259577651,0,0,,"low"
"02","unit_034","market_034",7,0.943679963968674,0,0,,"low"
"02","unit_034","market_034",8,0.947333347508079,0,0,,"low"
"02","unit_034","market_034",9,0.987171997595847,0,0,,"low"
"02","unit_034","market_034",10,1.00825258492616,0,0,,"low"
"02","unit_034","market_034",11,1.01921299171643,0,0,,"low"
"02","unit_034","market_034",12,1.07984125945028,0,0,,"low"
"02","unit_035","market_035",1,-0.677921094857232,0,0,,"low"
"02","unit_035","market_035",2,-0.617719566351752,0,0,,"low"
"02","unit_035","market_035",3,-0.611671347670913,0,0,,"low"
"02","unit_035","market_035",4,-0.635404293579785,0,0,,"low"
"02","unit_035","market_035",5,-0.668539637512237,0,0,,"low"
"02","unit_035","market_035",6,-0.647207149442534,0,0,,"low"
"02","unit_035","market_035",7,-0.668845094320609,0,0,,"low"
"02","unit_035","market_035",8,-0.654083354110293,0,0,,"low"
"02","unit_035","market_035",9,-0.596810590832117,0,0,,"low"
"02","unit_035","market_035",10,-0.577804061361805,0,0,,"low"
"02","unit_035","market_035",11,-0.572417556506305,0,0,,"low"
"02","unit_035","market_035",12,-0.484041015994433,0,0,,"low"
"02","unit_036","market_036",1,-0.0590317982405782,0,0,,"low"
"02","unit_036","market_036",2,0.0651716499878397,0,0,,"low"
"02","unit_036","market_036",3,-0.0330191914187294,0,0,,"low"
"02","unit_036","market_036",4,0.00687407086798378,0,0,,"low"
"02","unit_036","market_036",5,0.0467915087782562,0,0,,"low"
"02","unit_036","market_036",6,-0.0330839772484056,0,0,,"low"
"02","unit_036","market_036",7,0.0327839736256114,0,0,,"low"
"02","unit_036","market_036",8,-0.00533085780785639,0,0,,"low"
"02","unit_036","market_036",9,0.00646775412101988,0,0,,"low"
"02","unit_036","market_036",10,-0.0224681866994461,0,0,,"low"
"02","unit_036","market_036",11,0.0533342940328713,0,0,,"low"
"02","unit_036","market_036",12,0.101265556663076,0,0,,"low"
"02","unit_037","market_037",1,-0.0329736372017373,0,0,,"low"
"02","unit_037","market_037",2,0.0257125910270002,0,0,,"low"
"02","unit_037","market_037",3,0.00988966591182857,0,0,,"low"
"02","unit_037","market_037",4,0.0518616092568613,0,0,,"low"
"02","unit_037","market_037",5,-0.00776693386313715,0,0,,"low"
"02","unit_037","market_037",6,-0.0115006027560657,0,0,,"low"
"02","unit_037","market_037",7,0.0495848524933978,0,0,,"low"
"02","unit_037","market_037",8,-0.0053858764147949,0,0,,"low"
"02","unit_037","market_037",9,0.0122102965133996,0,0,,"low"
"02","unit_037","market_037",10,0.017802060331815,0,0,,"low"
"02","unit_037","market_037",11,0.0406276294745631,0,0,,"low"
"02","unit_037","market_037",12,0.116439167940001,0,0,,"low"
"02","unit_038","market_038",1,-0.00273015453928076,0,0,,"low"
"02","unit_038","market_038",2,0.00124469218763806,0,0,,"low"
"02","unit_038","market_038",3,0.0193033614114031,0,0,,"low"
"02","unit_038","market_038",4,-0.0144689403050338,0,0,,"low"
"02","unit_038","market_038",5,0.00620449874300306,0,0,,"low"
"02","unit_038","market_038",6,-0.028082735065149,0,0,,"low"
"02","unit_038","market_038",7,-0.0435896688429022,0,0,,"low"
"02","unit_038","market_038",8,-0.0509215105706039,0,0,,"low"
"02","unit_038","market_038",9,-0.0260325541606926,0,0,,"low"
"02","unit_038","market_038",10,-0.0282662720660924,0,0,,"low"
"02","unit_038","market_038",11,0.0523890201022205,0,0,,"low"
"02","unit_038","market_038",12,0.0657032572404984,0,0,,"low"
"02","unit_039","market_039",1,0.0721617371109473,0,0,,"low"
"02","unit_039","market_039",2,0.160360682053227,0,0,,"low"
"02","unit_039","market_039",3,0.0597900866094837,0,0,,"low"
"02","unit_039","market_039",4,0.114541498306051,0,0,,"low"
"02","unit_039","market_039",5,0.108074953688365,0,0,,"low"
"02","unit_039","market_039",6,0.103522976101818,0,0,,"low"
"02","unit_039","market_039",7,0.0794689404634442,0,0,,"low"
"02","unit_039","market_039",8,0.0625950775465427,0,0,,"low"
"02","unit_039","market_039",9,0.0638548626939957,0,0,,"low"
"02","unit_039","market_039",10,0.139548891406531,0,0,,"low"
"02","unit_039","market_039",11,0.197429239964382,0,0,,"low"
"02","unit_039","market_039",12,0.245209469900678,0,0,,"low"
"02","unit_040","market_040",1,-0.736535342423779,0,0,,"low"
"02","unit_040","market_040",2,-0.743162751260175,0,0,,"low"
"02","unit_040","market_040",3,-0.740780176836551,0,0,,"low"
"02","unit_040","market_040",4,-0.695500347378625,0,0,,"low"
"02","unit_040","market_040",5,-0.739356443695119,0,0,,"low"
"02","unit_040","market_040",6,-0.699269187904832,0,0,,"low"
"02","unit_040","market_040",7,-0.764167547463687,0,0,,"low"
"02","unit_040","market_040",8,-0.714804381148764,0,0,,"low"
"02","unit_040","market_040",9,-0.720145887191095,0,0,,"low"
"02","unit_040","market_040",10,-0.721825942918208,0,0,,"low"
"02","unit_040","market_040",11,-0.583413869354003,0,0,,"low"
"02","unit_040","market_040",12,-0.60661451106106,0,0,,"low"
"02","unit_041","market_041",1,-0.767660858905362,0,0,,"middle"
"02","unit_041","market_041",2,-0.659984496075308,0,0,,"middle"
"02","unit_041","market_041",3,-0.633968129903081,0,0,,"middle"
"02","unit_041","market_041",4,-0.609445981798435,0,0,,"middle"
"02","unit_041","market_041",5,-0.546845969111863,0,0,,"middle"
"02","unit_041","market_041",6,-0.515063407202987,0,0,,"middle"
"02","unit_041","market_041",7,-0.558238202019896,0,0,,"middle"
"02","unit_041","market_041",8,-0.508198208212343,0,0,,"middle"
"02","unit_041","market_041",9,-0.494123919479476,0,0,,"middle"
"02","unit_041","market_041",10,-0.461790937946277,0,0,,"middle"
"02","unit_041","market_041",11,-0.385869686010524,0,0,,"middle"
"02","unit_041","market_041",12,-0.287173493180332,0,0,,"middle"
"02","unit_042","market_042",1,-0.0364216824345402,0,0,,"middle"
"02","unit_042","market_042",2,-0.0371436776153784,0,0,,"middle"
"02","unit_042","market_042",3,-0.00509036362250038,0,0,,"middle"
"02","unit_042","market_042",4,0.0562652386906913,0,0,,"middle"
"02","unit_042","market_042",5,0.101162696329566,0,0,,"middle"
"02","unit_042","market_042",6,0.128864730030038,0,0,,"middle"
"02","unit_042","market_042",7,0.117228345811335,0,0,,"middle"
"02","unit_042","market_042",8,0.137013080784145,0,0,,"middle"
"02","unit_042","market_042",9,0.215107956843498,0,0,,"middle"
"02","unit_042","market_042",10,0.258351887753365,0,0,,"middle"
"02","unit_042","market_042",11,0.299536795236222,0,0,,"middle"
"02","unit_042","market_042",12,0.398875829577,0,0,,"middle"
"02","unit_043","market_043",1,0.405783057734487,0,1,7,"middle"
"02","unit_043","market_043",2,0.499462591480155,0,1,7,"middle"
"02","unit_043","market_043",3,0.539564653336965,0,1,7,"middle"
"02","unit_043","market_043",4,0.533490408356122,0,1,7,"middle"
"02","unit_043","market_043",5,0.597908598172245,0,1,7,"middle"
"02","unit_043","market_043",6,0.615603181242421,0,1,7,"middle"
"02","unit_043","market_043",7,0.854376076475884,1,1,7,"middle"
"02","unit_043","market_043",8,0.914562992078708,1,1,7,"middle"
"02","unit_043","market_043",9,0.943641454705022,1,1,7,"middle"
"02","unit_043","market_043",10,1.01008372971675,1,1,7,"middle"
"02","unit_043","market_043",11,1.12808012326526,1,1,7,"middle"
"02","unit_043","market_043",12,1.16160169778056,1,1,7,"middle"
"02","unit_044","market_044",1,-0.0657009191540698,0,1,7,"middle"
"02","unit_044","market_044",2,-0.0612450811965468,0,1,7,"middle"
"02","unit_044","market_044",3,0.0198503170124231,0,1,7,"middle"
"02","unit_044","market_044",4,0.0177257689677262,0,1,7,"middle"
"02","unit_044","market_044",5,0.0749776550445926,0,1,7,"middle"
"02","unit_044","market_044",6,0.028350402295577,0,1,7,"middle"
"02","unit_044","market_044",7,0.371201316995147,1,1,7,"middle"
"02","unit_044","market_044",8,0.396885791138808,1,1,7,"middle"
"02","unit_044","market_044",9,0.319285816915358,1,1,7,"middle"
"02","unit_044","market_044",10,0.47690263395649,1,1,7,"middle"
"02","unit_044","market_044",11,0.630599490131602,1,1,7,"middle"
"02","unit_044","market_044",12,0.607668087498496,1,1,7,"middle"
"02","unit_045","market_045",1,-0.799658309465566,0,0,,"middle"
"02","unit_045","market_045",2,-0.717220000172374,0,0,,"middle"
"02","unit_045","market_045",3,-0.672614858121861,0,0,,"middle"
"02","unit_045","market_045",4,-0.624147295987461,0,0,,"middle"
"02","unit_045","market_045",5,-0.543984179058967,0,0,,"middle"
"02","unit_045","market_045",6,-0.62047704077583,0,0,,"middle"
"02","unit_045","market_045",7,-0.553156767480328,0,0,,"middle"
"02","unit_045","market_045",8,-0.558249525589651,0,0,,"middle"
"02","unit_045","market_045",9,-0.499944625482314,0,0,,"middle"
"02","unit_045","market_045",10,-0.439629640602012,0,0,,"middle"
"02","unit_045","market_045",11,-0.366015966197036,0,0,,"middle"
"02","unit_045","market_045",12,-0.297451257795433,0,0,,"middle"
"02","unit_046","market_046",1,0.0458205853065917,0,0,,"middle"
"02","unit_046","market_046",2,0.081183497675011,0,0,,"middle"
"02","unit_046","market_046",3,0.12846287500318,0,0,,"middle"
"02","unit_046","market_046",4,0.186396415286953,0,0,,"middle"
"02","unit_046","market_046",5,0.231060258154675,0,0,,"middle"
"02","unit_046","market_046",6,0.237149130275221,0,0,,"middle"
"02","unit_046","market_046",7,0.227553240040589,0,0,,"middle"
"02","unit_046","market_046",8,0.203712717998082,0,0,,"middle"
"02","unit_046","market_046",9,0.274482460570446,0,0,,"middle"
"02","unit_046","market_046",10,0.362507437309301,0,0,,"middle"
"02","unit_046","market_046",11,0.417591873570325,0,0,,"middle"
"02","unit_046","market_046",12,0.493488130875924,0,0,,"middle"
"02","unit_047","market_047",1,-0.295093380260292,0,1,7,"middle"
"02","unit_047","market_047",2,-0.286328526187632,0,1,7,"middle"
"02","unit_047","market_047",3,-0.142458145588983,0,1,7,"middle"
"02","unit_047","market_047",4,-0.120160559398519,0,1,7,"middle"
"02","unit_047","market_047",5,-0.123919073897931,0,1,7,"middle"
"02","unit_047","market_047",6,-0.0946035479915988,0,1,7,"middle"
"02","unit_047","market_047",7,0.148266482955968,1,1,7,"middle"
"02","unit_047","market_047",8,0.203444821747956,1,1,7,"middle"
"02","unit_047","market_047",9,0.208038418428035,1,1,7,"middle"
"02","unit_047","market_047",10,0.305288657602074,1,1,7,"middle"
"02","unit_047","market_047",11,0.42473382318546,1,1,7,"middle"
"02","unit_047","market_047",12,0.483157798920476,1,1,7,"middle"
"02","unit_048","market_048",1,0.078311375993889,0,1,7,"middle"
"02","unit_048","market_048",2,0.130473267105173,0,1,7,"middle"
"02","unit_048","market_048",3,0.221028893892919,0,1,7,"middle"
"02","unit_048","market_048",4,0.266024031923083,0,1,7,"middle"
"02","unit_048","market_048",5,0.224012423220832,0,1,7,"middle"
"02","unit_048","market_048",6,0.234567542335118,0,1,7,"middle"
"02","unit_048","market_048",7,0.50350642982866,1,1,7,"middle"
"02","unit_048","market_048",8,0.611622976108147,1,1,7,"middle"
"02","unit_048","market_048",9,0.643972738714178,1,1,7,"middle"
"02","unit_048","market_048",10,0.735844537788066,1,1,7,"middle"
"02","unit_048","market_048",11,0.829258880219886,1,1,7,"middle"
"02","unit_048","market_048",12,0.839039586163094,1,1,7,"middle"
"02","unit_049","market_049",1,-0.18286960930034,0,0,,"middle"
"02","unit_049","market_049",2,-0.136795098603348,0,0,,"middle"
"02","unit_049","market_049",3,-0.0921169330308421,0,0,,"middle"
"02","unit_049","market_049",4,-0.0650367529709281,0,0,,"middle"
"02","unit_049","market_049",5,-0.0593514229824295,0,0,,"middle"
"02","unit_049","market_049",6,-0.0402944703517953,0,0,,"middle"
"02","unit_049","market_049",7,0.0167433647236719,0,0,,"middle"
"02","unit_049","market_049",8,0.0314492097344383,0,0,,"middle"
"02","unit_049","market_049",9,0.0884622560705662,0,0,,"middle"
"02","unit_049","market_049",10,0.142533901687427,0,0,,"middle"
"02","unit_049","market_049",11,0.168868556111637,0,0,,"middle"
"02","unit_049","market_049",12,0.289898261431273,0,0,,"middle"
"02","unit_050","market_050",1,-0.5334529374826,0,0,,"middle"
"02","unit_050","market_050",2,-0.468965822332057,0,0,,"middle"
"02","unit_050","market_050",3,-0.402412176400619,0,0,,"middle"
"02","unit_050","market_050",4,-0.393577360740312,0,0,,"middle"
"02","unit_050","market_050",5,-0.397138353397142,0,0,,"middle"
"02","unit_050","market_050",6,-0.430530057108429,0,0,,"middle"
"02","unit_050","market_050",7,-0.323273516078424,0,0,,"middle"
"02","unit_050","market_050",8,-0.355883233410532,0,0,,"middle"
"02","unit_050","market_050",9,-0.322116655031869,0,0,,"middle"
"02","unit_050","market_050",10,-0.17295312439509,0,0,,"middle"
"02","unit_050","market_050",11,-0.135364734889799,0,0,,"middle"
"02","unit_050","market_050",12,-0.0847286153032385,0,0,,"middle"
"02","unit_051","market_051",1,-0.249167422738824,0,0,,"middle"
"02","unit_051","market_051",2,-0.166249614165886,0,0,,"middle"
"02","unit_051","market_051",3,-0.0406070931651338,0,0,,"middle"
"02","unit_051","market_051",4,-0.0561338947298374,0,0,,"middle"
"02","unit_051","market_051",5,-0.0218731426516099,0,0,,"middle"
"02","unit_051","market_051",6,0.0113607784890741,0,0,,"middle"
"02","unit_051","market_051",7,0.0550053244868443,0,0,,"middle"
"02","unit_051","market_051",8,-0.0232394236618436,0,0,,"middle"
"02","unit_051","market_051",9,0.0536406019759186,0,0,,"middle"
"02","unit_051","market_051",10,0.115550247984797,0,0,,"middle"
"02","unit_051","market_051",11,0.191590498954891,0,0,,"middle"
"02","unit_051","market_051",12,0.267363927290595,0,0,,"middle"
"02","unit_052","market_052",1,-0.474895234896646,0,0,,"middle"
"02","unit_052","market_052",2,-0.412418664394141,0,0,,"middle"
"02","unit_052","market_052",3,-0.345820711473601,0,0,,"middle"
"02","unit_052","market_052",4,-0.287896553876976,0,0,,"middle"
"02","unit_052","market_052",5,-0.347623476875801,0,0,,"middle"
"02","unit_052","market_052",6,-0.292993786428594,0,0,,"middle"
"02","unit_052","market_052",7,-0.273145313745824,0,0,,"middle"
"02","unit_052","market_052",8,-0.252279415044935,0,0,,"middle"
"02","unit_052","market_052",9,-0.2167082210775,0,0,,"middle"
"02","unit_052","market_052",10,-0.125935565885575,0,0,,"middle"
"02","unit_052","market_052",11,-0.0709105035056592,0,0,,"middle"
"02","unit_052","market_052",12,0.00233575752416344,0,0,,"middle"
"02","unit_053","market_053",1,0.695855336564617,0,1,7,"middle"
"02","unit_053","market_053",2,0.745627633584576,0,1,7,"middle"
"02","unit_053","market_053",3,0.832561376171317,0,1,7,"middle"
"02","unit_053","market_053",4,0.822037711333835,0,1,7,"middle"
"02","unit_053","market_053",5,0.811446283193352,0,1,7,"middle"
"02","unit_053","market_053",6,0.801720570195074,0,1,7,"middle"
"02","unit_053","market_053",7,1.13455603838644,1,1,7,"middle"
"02","unit_053","market_053",8,1.16295578603827,1,1,7,"middle"
"02","unit_053","market_053",9,1.16290002547286,1,1,7,"middle"
"02","unit_053","market_053",10,1.2387849343779,1,1,7,"middle"
"02","unit_053","market_053",11,1.29890844361202,1,1,7,"middle"
"02","unit_053","market_053",12,1.44298510978152,1,1,7,"middle"
"02","unit_054","market_054",1,-0.00150732674413821,0,0,,"middle"
"02","unit_054","market_054",2,0.049509871367187,0,0,,"middle"
"02","unit_054","market_054",3,0.108304079258608,0,0,,"middle"
"02","unit_054","market_054",4,0.164366205458876,0,0,,"middle"
"02","unit_054","market_054",5,0.115413779072604,0,0,,"middle"
"02","unit_054","market_054",6,0.277372434427039,0,0,,"middle"
"02","unit_054","market_054",7,0.228080450329178,0,0,,"middle"
"02","unit_054","market_054",8,0.234776861401817,0,0,,"middle"
"02","unit_054","market_054",9,0.282260108180862,0,0,,"middle"
"02","unit_054","market_054",10,0.349169158612234,0,0,,"middle"
"02","unit_054","market_054",11,0.395712001553403,0,0,,"middle"
"02","unit_054","market_054",12,0.537955588636523,0,0,,"middle"
"02","unit_055","market_055",1,-0.429213717707074,0,1,7,"middle"
"02","unit_055","market_055",2,-0.332197209211149,0,1,7,"middle"
"02","unit_055","market_055",3,-0.308300091314504,0,1,7,"middle"
"02","unit_055","market_055",4,-0.221661168194283,0,1,7,"middle"
"02","unit_055","market_055",5,-0.285903566544923,0,1,7,"middle"
"02","unit_055","market_055",6,-0.215727120693641,0,1,7,"middle"
"02","unit_055","market_055",7,-0.000977779314154159,1,1,7,"middle"
"02","unit_055","market_055",8,-0.00600728923407601,1,1,7,"middle"
"02","unit_055","market_055",9,0.0749881297353881,1,1,7,"middle"
"02","unit_055","market_055",10,0.159085462773295,1,1,7,"middle"
"02","unit_055","market_055",11,0.196982253883418,1,1,7,"middle"
"02","unit_055","market_055",12,0.300349544552935,1,1,7,"middle"
"02","unit_056","market_056",1,-0.416961883001775,0,0,,"middle"
"02","unit_056","market_056",2,-0.367969127987068,0,0,,"middle"
"02","unit_056","market_056",3,-0.233925910368271,0,0,,"middle"
"02","unit_056","market_056",4,-0.295011341434418,0,0,,"middle"
"02","unit_056","market_056",5,-0.300701064378114,0,0,,"middle"
"02","unit_056","market_056",6,-0.205747068960969,0,0,,"middle"
"02","unit_056","market_056",7,-0.264733539747101,0,0,,"middle"
"02","unit_056","market_056",8,-0.226191021547363,0,0,,"middle"
"02","unit_056","market_056",9,-0.151190011939663,0,0,,"middle"
"02","unit_056","market_056",10,-0.112108169118778,0,0,,"middle"
"02","unit_056","market_056",11,0.00466988596555537,0,0,,"middle"
"02","unit_056","market_056",12,0.0781438598652723,0,0,,"middle"
"02","unit_057","market_057",1,0.0279905948545475,0,1,7,"middle"
"02","unit_057","market_057",2,0.150956884018091,0,1,7,"middle"
"02","unit_057","market_057",3,0.147607696995538,0,1,7,"middle"
"02","unit_057","market_057",4,0.203583465537219,0,1,7,"middle"
"02","unit_057","market_057",5,0.225798645350973,0,1,7,"middle"
"02","unit_057","market_057",6,0.245885735008225,0,1,7,"middle"
"02","unit_057","market_057",7,0.489610885753834,1,1,7,"middle"
"02","unit_057","market_057",8,0.516203610660531,1,1,7,"middle"
"02","unit_057","market_057",9,0.598480685011556,1,1,7,"middle"
"02","unit_057","market_057",10,0.650427971637264,1,1,7,"middle"
"02","unit_057","market_057",11,0.727429062254649,1,1,7,"middle"
"02","unit_057","market_057",12,0.804285471583959,1,1,7,"middle"
"02","unit_058","market_058",1,0.267409493333122,0,0,,"middle"
"02","unit_058","market_058",2,0.309871019771177,0,0,,"middle"
"02","unit_058","market_058",3,0.328620774598594,0,0,,"middle"
"02","unit_058","market_058",4,0.387410732775689,0,0,,"middle"
"02","unit_058","market_058",5,0.468737645561767,0,0,,"middle"
"02","unit_058","market_058",6,0.399547108664731,0,0,,"middle"
"02","unit_058","market_058",7,0.442037683039622,0,0,,"middle"
"02","unit_058","market_058",8,0.522951656782738,0,0,,"middle"
"02","unit_058","market_058",9,0.514321534276302,0,0,,"middle"
"02","unit_058","market_058",10,0.648088410829091,0,0,,"middle"
"02","unit_058","market_058",11,0.665748045622432,0,0,,"middle"
"02","unit_058","market_058",12,0.763976778953921,0,0,,"middle"
"02","unit_059","market_059",1,0.757418420822834,0,1,7,"middle"
"02","unit_059","market_059",2,0.837202742224515,0,1,7,"middle"
"02","unit_059","market_059",3,0.897652722748125,0,1,7,"middle"
"02","unit_059","market_059",4,0.938012648598263,0,1,7,"middle"
"02","unit_059","market_059",5,0.912635053723465,0,1,7,"middle"
"02","unit_059","market_059",6,0.942764808112361,0,1,7,"middle"
"02","unit_059","market_059",7,1.22890266657467,1,1,7,"middle"
"02","unit_059","market_059",8,1.27905417357345,1,1,7,"middle"
"02","unit_059","market_059",9,1.36463645017816,1,1,7,"middle"
"02","unit_059","market_059",10,1.32992335787531,1,1,7,"middle"
"02","unit_059","market_059",11,1.49297523054506,1,1,7,"middle"
"02","unit_059","market_059",12,1.50757704465796,1,1,7,"middle"
"02","unit_060","market_060",1,-0.585224975165556,0,0,,"middle"
"02","unit_060","market_060",2,-0.520270606415641,0,0,,"middle"
"02","unit_060","market_060",3,-0.483003373460027,0,0,,"middle"
"02","unit_060","market_060",4,-0.442635394803578,0,0,,"middle"
"02","unit_060","market_060",5,-0.472900319366926,0,0,,"middle"
"02","unit_060","market_060",6,-0.413880876345849,0,0,,"middle"
"02","unit_060","market_060",7,-0.430181270864713,0,0,,"middle"
"02","unit_060","market_060",8,-0.356488818038212,0,0,,"middle"
"02","unit_060","market_060",9,-0.349397104746487,0,0,,"middle"
"02","unit_060","market_060",10,-0.250264131876,0,0,,"middle"
"02","unit_060","market_060",11,-0.167174071853013,0,0,,"middle"
"02","unit_060","market_060",12,-0.0907283649664338,0,0,,"middle"
"02","unit_061","market_061",1,-1.08915887791112,0,0,,"middle"
"02","unit_061","market_061",2,-1.05105489150664,0,0,,"middle"
"02","unit_061","market_061",3,-1.00282041420259,0,0,,"middle"
"02","unit_061","market_061",4,-0.928172785380283,0,0,,"middle"
"02","unit_061","market_061",5,-0.909081371622649,0,0,,"middle"
"02","unit_061","market_061",6,-0.962748902579442,0,0,,"middle"
"02","unit_061","market_061",7,-0.911207790227377,0,0,,"middle"
"02","unit_061","market_061",8,-0.888574840038157,0,0,,"middle"
"02","unit_061","market_061",9,-0.859051185229304,0,0,,"middle"
"02","unit_061","market_061",10,-0.794390823764214,0,0,,"middle"
"02","unit_061","market_061",11,-0.71709209476269,0,0,,"middle"
"02","unit_061","market_061",12,-0.609625912334883,0,0,,"middle"
"02","unit_062","market_062",1,0.144321204746796,0,0,,"middle"
"02","unit_062","market_062",2,0.239510979507024,0,0,,"middle"
"02","unit_062","market_062",3,0.310040690363186,0,0,,"middle"
"02","unit_062","market_062",4,0.291356158677475,0,0,,"middle"
"02","unit_062","market_062",5,0.284829606337816,0,0,,"middle"
"02","unit_062","market_062",6,0.333470211865898,0,0,,"middle"
"02","unit_062","market_062",7,0.364106475792023,0,0,,"middle"
"02","unit_062","market_062",8,0.396391773215617,0,0,,"middle"
"02","unit_062","market_062",9,0.421835264066952,0,0,,"middle"
"02","unit_062","market_062",10,0.46042625908386,0,0,,"middle"
"02","unit_062","market_062",11,0.539001372841873,0,0,,"middle"
"02","unit_062","market_062",12,0.654294019418216,0,0,,"middle"
"02","unit_063","market_063",1,-0.0344861323849321,0,0,,"middle"
"02","unit_063","market_063",2,0.00748241202373853,0,0,,"middle"
"02","unit_063","market_063",3,0.050104109201475,0,0,,"middle"
"02","unit_063","market_063",4,0.119659526176934,0,0,,"middle"
"02","unit_063","market_063",5,0.093990792246505,0,0,,"middle"
"02","unit_063","market_063",6,0.153047449475354,0,0,,"middle"
"02","unit_063","market_063",7,0.172341865130968,0,0,,"middle"
"02","unit_063","market_063",8,0.165434122174546,0,0,,"middle"
"02","unit_063","market_063",9,0.239158107181025,0,0,,"middle"
"02","unit_063","market_063",10,0.253390013268604,0,0,,"middle"
"02","unit_063","market_063",11,0.362640157275314,0,0,,"middle"
"02","unit_063","market_063",12,0.466393591177112,0,0,,"middle"
"02","unit_064","market_064",1,0.0301010124637326,0,1,7,"middle"
"02","unit_064","market_064",2,0.131847934657113,0,1,7,"middle"
"02","unit_064","market_064",3,0.127439145423547,0,1,7,"middle"
"02","unit_064","market_064",4,0.143761532584604,0,1,7,"middle"
"02","unit_064","market_064",5,0.206652963262838,0,1,7,"middle"
"02","unit_064","market_064",6,0.238394122313662,0,1,7,"middle"
"02","unit_064","market_064",7,0.517941346285071,1,1,7,"middle"
"02","unit_064","market_064",8,0.53200214671993,1,1,7,"middle"
"02","unit_064","market_064",9,0.529685276794794,1,1,7,"middle"
"02","unit_064","market_064",10,0.62627809359176,1,1,7,"middle"
"02","unit_064","market_064",11,0.741349282188866,1,1,7,"middle"
"02","unit_064","market_064",12,0.751193822092861,1,1,7,"middle"
"02","unit_065","market_065",1,-0.0940407472222987,0,1,7,"middle"
"02","unit_065","market_065",2,-0.0597897757330968,0,1,7,"middle"
"02","unit_065","market_065",3,0.0187692496648456,0,1,7,"middle"
"02","unit_065","market_065",4,0.00416768583782302,0,1,7,"middle"
"02","unit_065","market_065",5,0.0742661101048566,0,1,7,"middle"
"02","unit_065","market_065",6,0.130626516586527,0,1,7,"middle"
"02","unit_065","market_065",7,0.333517750719278,1,1,7,"middle"
"02","unit_065","market_065",8,0.363672340967764,1,1,7,"middle"
"02","unit_065","market_065",9,0.451129642432104,1,1,7,"middle"
"02","unit_065","market_065",10,0.553934883613626,1,1,7,"middle"
"02","unit_065","market_065",11,0.567670878320591,1,1,7,"middle"
"02","unit_065","market_065",12,0.649162291108834,1,1,7,"middle"
"02","unit_066","market_066",1,0.509911390472265,0,1,7,"middle"
"02","unit_066","market_066",2,0.545197123517525,0,1,7,"middle"
"02","unit_066","market_066",3,0.586329305087002,0,1,7,"middle"
"02","unit_066","market_066",4,0.638438120043657,0,1,7,"middle"
"02","unit_066","market_066",5,0.652118220223345,0,1,7,"middle"
"02","unit_066","market_066",6,0.630964032401875,0,1,7,"middle"
"02","unit_066","market_066",7,0.909873087648111,1,1,7,"middle"
"02","unit_066","market_066",8,0.968706279828193,1,1,7,"middle"
"02","unit_066","market_066",9,0.995298955679187,1,1,7,"middle"
"02","unit_066","market_066",10,1.08680216991725,1,1,7,"middle"
"02","unit_066","market_066",11,1.16536202710768,1,1,7,"middle"
"02","unit_066","market_066",12,1.20423501918906,1,1,7,"middle"
"02","unit_067","market_067",1,0.455249496879224,0,0,,"middle"
"02","unit_067","market_067",2,0.548965107248462,0,0,,"middle"
"02","unit_067","market_067",3,0.543405033875259,0,0,,"middle"
"02","unit_067","market_067",4,0.626335734777942,0,0,,"middle"
"02","unit_067","market_067",5,0.586001095772341,0,0,,"middle"
"02","unit_067","market_067",6,0.648558659356074,0,0,,"middle"
"02","unit_067","market_067",7,0.584321359298918,0,0,,"middle"
"02","unit_067","market_067",8,0.66255276757152,0,0,,"middle"
"02","unit_067","market_067",9,0.730807020430595,0,0,,"middle"
"02","unit_067","market_067",10,0.768644983721147,0,0,,"middle"
"02","unit_067","market_067",11,0.871012757497085,0,0,,"middle"
"02","unit_067","market_067",12,0.9256460433552,0,0,,"middle"
"02","unit_068","market_068",1,-0.00797720648113513,0,1,7,"middle"
"02","unit_068","market_068",2,0.0816421311215269,0,1,7,"middle"
"02","unit_068","market_068",3,0.135068274141289,0,1,7,"middle"
"02","unit_068","market_068",4,0.178799754383237,0,1,7,"middle"
"02","unit_068","market_068",5,0.174363836197229,0,1,7,"middle"
"02","unit_068","market_068",6,0.177347258033902,0,1,7,"middle"
"02","unit_068","market_068",7,0.41839698401704,1,1,7,"middle"
"02","unit_068","market_068",8,0.496266328128583,1,1,7,"middle"
"02","unit_068","market_068",9,0.508898583550939,1,1,7,"middle"
"02","unit_068","market_068",10,0.550236219141935,1,1,7,"middle"
"02","unit_068","market_068",11,0.65545967424183,1,1,7,"middle"
"02","unit_068","market_068",12,0.738352425297532,1,1,7,"middle"
"02","unit_069","market_069",1,-0.32193762608446,0,0,,"middle"
"02","unit_069","market_069",2,-0.248392241465756,0,0,,"middle"
"02","unit_069","market_069",3,-0.213706724981457,0,0,,"middle"
"02","unit_069","market_069",4,-0.213337439890179,0,0,,"middle"
"02","unit_069","market_069",5,-0.176910775879992,0,0,,"middle"
"02","unit_069","market_069",6,-0.171473938603677,0,0,,"middle"
"02","unit_069","market_069",7,-0.0832628327263056,0,0,,"middle"
"02","unit_069","market_069",8,-0.108273703298842,0,0,,"middle"
"02","unit_069","market_069",9,0.018031229922152,0,0,,"middle"
"02","unit_069","market_069",10,-0.0178254174956857,0,0,,"middle"
"02","unit_069","market_069",11,0.11965512260109,0,0,,"middle"
"02","unit_069","market_069",12,0.199403181700337,0,0,,"middle"
"02","unit_070","market_070",1,-0.0457322337323844,0,1,7,"middle"
"02","unit_070","market_070",2,0.0676963675764763,0,1,7,"middle"
"02","unit_070","market_070",3,0.0865786359988761,0,1,7,"middle"
"02","unit_070","market_070",4,0.159849113587425,0,1,7,"middle"
"02","unit_070","market_070",5,0.115221740469004,0,1,7,"middle"
"02","unit_070","market_070",6,0.211970406038471,0,1,7,"middle"
"02","unit_070","market_070",7,0.458343536626219,1,1,7,"middle"
"02","unit_070","market_070",8,0.464466045771625,1,1,7,"middle"
"02","unit_070","market_070",9,0.51229837174224,1,1,7,"middle"
"02","unit_070","market_070",10,0.548564316699851,1,1,7,"middle"
"02","unit_070","market_070",11,0.63382127251345,1,1,7,"middle"
"02","unit_070","market_070",12,0.678393834705045,1,1,7,"middle"
"02","unit_071","market_071",1,0.337008125376302,0,1,7,"middle"
"02","unit_071","market_071",2,0.351944541355877,0,1,7,"middle"
"02","unit_071","market_071",3,0.444871847756172,0,1,7,"middle"
"02","unit_071","market_071",4,0.409850738345261,0,1,7,"middle"
"02","unit_071","market_071",5,0.441836225900633,0,1,7,"middle"
"02","unit_071","market_071",6,0.512029047994607,0,1,7,"middle"
"02","unit_071","market_071",7,0.754702315431947,1,1,7,"middle"
"02","unit_071","market_071",8,0.780971583561722,1,1,7,"middle"
"02","unit_071","market_071",9,0.826261923505105,1,1,7,"middle"
"02","unit_071","market_071",10,0.860122491360734,1,1,7,"middle"
"02","unit_071","market_071",11,0.942632431790499,1,1,7,"middle"
"02","unit_071","market_071",12,1.00853590647263,1,1,7,"middle"
"02","unit_072","market_072",1,0.12851858291508,0,1,7,"middle"
"02","unit_072","market_072",2,0.210714341308587,0,1,7,"middle"
"02","unit_072","market_072",3,0.276068196074364,0,1,7,"middle"
"02","unit_072","market_072",4,0.30596910103848,0,1,7,"middle"
"02","unit_072","market_072",5,0.317018286232799,0,1,7,"middle"
"02","unit_072","market_072",6,0.31387991369761,0,1,7,"middle"
"02","unit_072","market_072",7,0.520232876849962,1,1,7,"middle"
"02","unit_072","market_072",8,0.566289400239692,1,1,7,"middle"
"02","unit_072","market_072",9,0.617320468765354,1,1,7,"middle"
"02","unit_072","market_072",10,0.651075633686505,1,1,7,"middle"
"02","unit_072","market_072",11,0.806665081336007,1,1,7,"middle"
"02","unit_072","market_072",12,0.871111192641436,1,1,7,"middle"
"02","unit_073","market_073",1,-0.546465045751856,0,1,7,"middle"
"02","unit_073","market_073",2,-0.430564231293422,0,1,7,"middle"
"02","unit_073","market_073",3,-0.384880863543505,0,1,7,"middle"
"02","unit_073","market_073",4,-0.289779434072065,0,1,7,"middle"
"02","unit_073","market_073",5,-0.340788064501895,0,1,7,"middle"
"02","unit_073","market_073",6,-0.27669928903584,0,1,7,"middle"
"02","unit_073","market_073",7,-0.0748056384976363,1,1,7,"middle"
"02","unit_073","market_073",8,0.0260351085639877,1,1,7,"middle"
"02","unit_073","market_073",9,-0.0114496113860073,1,1,7,"middle"
"02","unit_073","market_073",10,0.0563010465292574,1,1,7,"middle"
"02","unit_073","market_073",11,0.204290785418017,1,1,7,"middle"
"02","unit_073","market_073",12,0.259879771238418,1,1,7,"middle"
"02","unit_074","market_074",1,0.485594934132336,0,1,7,"middle"
"02","unit_074","market_074",2,0.506079374799199,0,1,7,"middle"
"02","unit_074","market_074",3,0.611354705969469,0,1,7,"middle"
"02","unit_074","market_074",4,0.600880669414765,0,1,7,"middle"
"02","unit_074","market_074",5,0.619288885316693,0,1,7,"middle"
"02","unit_074","market_074",6,0.608273078227096,0,1,7,"middle"
"02","unit_074","market_074",7,0.890946055509586,1,1,7,"middle"
"02","unit_074","market_074",8,0.975320236374431,1,1,7,"middle"
"02","unit_074","market_074",9,1.06133512438265,1,1,7,"middle"
"02","unit_074","market_074",10,1.0325132911586,1,1,7,"middle"
"02","unit_074","market_074",11,1.14049689069716,1,1,7,"middle"
"02","unit_074","market_074",12,1.1871622327439,1,1,7,"middle"
"02","unit_075","market_075",1,-0.871379674593586,0,0,,"middle"
"02","unit_075","market_075",2,-0.810770138014323,0,0,,"middle"
"02","unit_075","market_075",3,-0.73769700319987,0,0,,"middle"
"02","unit_075","market_075",4,-0.71949195964321,0,0,,"middle"
"02","unit_075","market_075",5,-0.668703657783434,0,0,,"middle"
"02","unit_075","market_075",6,-0.642780413220252,0,0,,"middle"
"02","unit_075","market_075",7,-0.657774280592124,0,0,,"middle"
"02","unit_075","market_075",8,-0.622009140938351,0,0,,"middle"
"02","unit_075","market_075",9,-0.53273051519489,0,0,,"middle"
"02","unit_075","market_075",10,-0.519317077462283,0,0,,"middle"
"02","unit_075","market_075",11,-0.437899179714055,0,0,,"middle"
"02","unit_075","market_075",12,-0.33486630922411,0,0,,"middle"
"02","unit_076","market_076",1,-0.216709513284797,0,1,7,"middle"
"02","unit_076","market_076",2,-0.169499758024598,0,1,7,"middle"
"02","unit_076","market_076",3,-0.090531551420778,0,1,7,"middle"
"02","unit_076","market_076",4,-0.119862189418707,0,1,7,"middle"
"02","unit_076","market_076",5,-0.0758491918966072,0,1,7,"middle"
"02","unit_076","market_076",6,-0.0407768554002715,0,1,7,"middle"
"02","unit_076","market_076",7,0.242299813637618,1,1,7,"middle"
"02","unit_076","market_076",8,0.259718892442388,1,1,7,"middle"
"02","unit_076","market_076",9,0.341422607779938,1,1,7,"middle"
"02","unit_076","market_076",10,0.371191077207686,1,1,7,"middle"
"02","unit_076","market_076",11,0.444565067999277,1,1,7,"middle"
"02","unit_076","market_076",12,0.475731593661535,1,1,7,"middle"
"02","unit_077","market_077",1,0.249604503441551,0,0,,"middle"
"02","unit_077","market_077",2,0.354659345912155,0,0,,"middle"
"02","unit_077","market_077",3,0.406403744781008,0,0,,"middle"
"02","unit_077","market_077",4,0.40818163858577,0,0,,"middle"
"02","unit_077","market_077",5,0.394082385945473,0,0,,"middle"
"02","unit_077","market_077",6,0.49028775763143,0,0,,"middle"
"02","unit_077","market_077",7,0.424781300125316,0,0,,"middle"
"02","unit_077","market_077",8,0.591995440296601,0,0,,"middle"
"02","unit_077","market_077",9,0.525698666159429,0,0,,"middle"
"02","unit_077","market_077",10,0.597780183084693,0,0,,"middle"
"02","unit_077","market_077",11,0.708654324029495,0,0,,"middle"
"02","unit_077","market_077",12,0.835731562426401,0,0,,"middle"
"02","unit_078","market_078",1,0.747346806758542,0,0,,"middle"
"02","unit_078","market_078",2,0.730522846995863,0,0,,"middle"
"02","unit_078","market_078",3,0.821180129170094,0,0,,"middle"
"02","unit_078","market_078",4,0.850432314304201,0,0,,"middle"
"02","unit_078","market_078",5,0.910800980975506,0,0,,"middle"
"02","unit_078","market_078",6,0.909472648539797,0,0,,"middle"
"02","unit_078","market_078",7,0.939594598403982,0,0,,"middle"
"02","unit_078","market_078",8,0.909083303137601,0,0,,"middle"
"02","unit_078","market_078",9,0.970651268265587,0,0,,"middle"
"02","unit_078","market_078",10,1.06890986507607,0,0,,"middle"
"02","unit_078","market_078",11,1.12387808888829,0,0,,"middle"
"02","unit_078","market_078",12,1.18414558426139,0,0,,"middle"
"02","unit_079","market_079",1,0.347030448925395,0,1,7,"middle"
"02","unit_079","market_079",2,0.303995206722045,0,1,7,"middle"
"02","unit_079","market_079",3,0.372659018347261,0,1,7,"middle"
"02","unit_079","market_079",4,0.440871092583616,0,1,7,"middle"
"02","unit_079","market_079",5,0.464292958622938,0,1,7,"middle"
"02","unit_079","market_079",6,0.51670128903562,0,1,7,"middle"
"02","unit_079","market_079",7,0.709075822829216,1,1,7,"middle"
"02","unit_079","market_079",8,0.799182949370886,1,1,7,"middle"
"02","unit_079","market_079",9,0.800510286796054,1,1,7,"middle"
"02","unit_079","market_079",10,0.889677041552986,1,1,7,"middle"
"02","unit_079","market_079",11,0.909077508958217,1,1,7,"middle"
"02","unit_079","market_079",12,1.07294771225787,1,1,7,"middle"
"02","unit_080","market_080",1,0.289296368500707,0,1,7,"middle"
"02","unit_080","market_080",2,0.388399983937377,0,1,7,"middle"
"02","unit_080","market_080",3,0.437132278121932,0,1,7,"middle"
"02","unit_080","market_080",4,0.447528427115434,0,1,7,"middle"
"02","unit_080","market_080",5,0.527207581706466,0,1,7,"middle"
"02","unit_080","market_080",6,0.522055509301763,0,1,7,"middle"
"02","unit_080","market_080",7,0.801079526386274,1,1,7,"middle"
"02","unit_080","market_080",8,0.781977697172887,1,1,7,"middle"
"02","unit_080","market_080",9,0.842749977753561,1,1,7,"middle"
"02","unit_080","market_080",10,0.934736446356517,1,1,7,"middle"
"02","unit_080","market_080",11,0.982076797834817,1,1,7,"middle"
"02","unit_080","market_080",12,1.05136096486263,1,1,7,"middle"
"02","unit_081","market_081",1,-0.137682104535946,0,1,7,"high"
"02","unit_081","market_081",2,0.0229235462601503,0,1,7,"high"
"02","unit_081","market_081",3,0.0885772895183303,0,1,7,"high"
"02","unit_081","market_081",4,0.16781942337887,0,1,7,"high"
"02","unit_081","market_081",5,0.218405172585054,0,1,7,"high"
"02","unit_081","market_081",6,0.240564959579618,0,1,7,"high"
"02","unit_081","market_081",7,0.618915497929234,1,1,7,"high"
"02","unit_081","market_081",8,0.569687622957295,1,1,7,"high"
"02","unit_081","market_081",9,0.646613322617098,1,1,7,"high"
"02","unit_081","market_081",10,0.795149053376592,1,1,7,"high"
"02","unit_081","market_081",11,0.878953263348787,1,1,7,"high"
"02","unit_081","market_081",12,0.997363594191506,1,1,7,"high"
"02","unit_082","market_082",1,-0.849229076418683,0,1,7,"high"
"02","unit_082","market_082",2,-0.707086107714741,0,1,7,"high"
"02","unit_082","market_082",3,-0.717700652384179,0,1,7,"high"
"02","unit_082","market_082",4,-0.577046103703417,0,1,7,"high"
"02","unit_082","market_082",5,-0.591186419334531,0,1,7,"high"
"02","unit_082","market_082",6,-0.513572057220738,0,1,7,"high"
"02","unit_082","market_082",7,-0.248561509009962,1,1,7,"high"
"02","unit_082","market_082",8,-0.175147316465664,1,1,7,"high"
"02","unit_082","market_082",9,-0.147042427386495,1,1,7,"high"
"02","unit_082","market_082",10,-0.0395842392559451,1,1,7,"high"
"02","unit_082","market_082",11,0.0788722132546537,1,1,7,"high"
"02","unit_082","market_082",12,0.235027921020246,1,1,7,"high"
"02","unit_083","market_083",1,-0.0838990980892501,0,1,7,"high"
"02","unit_083","market_083",2,-0.0529938452768704,0,1,7,"high"
"02","unit_083","market_083",3,0.127639806045475,0,1,7,"high"
"02","unit_083","market_083",4,0.138869104063786,0,1,7,"high"
"02","unit_083","market_083",5,0.206333217277541,0,1,7,"high"
"02","unit_083","market_083",6,0.225865632624249,0,1,7,"high"
"02","unit_083","market_083",7,0.577008992406466,1,1,7,"high"
"02","unit_083","market_083",8,0.566891594830595,1,1,7,"high"
"02","unit_083","market_083",9,0.638153297788258,1,1,7,"high"
"02","unit_083","market_083",10,0.703696422842353,1,1,7,"high"
"02","unit_083","market_083",11,0.844421229556875,1,1,7,"high"
"02","unit_083","market_083",12,0.984018929148494,1,1,7,"high"
"02","unit_084","market_084",1,-0.198641093176723,0,1,7,"high"
"02","unit_084","market_084",2,-0.0070611529766811,0,1,7,"high"
"02","unit_084","market_084",3,0.0369877201886983,0,1,7,"high"
"02","unit_084","market_084",4,0.047679504039835,0,1,7,"high"
"02","unit_084","market_084",5,0.16209174926156,0,1,7,"high"
"02","unit_084","market_084",6,0.154946630154317,0,1,7,"high"
"02","unit_084","market_084",7,0.469513415192055,1,1,7,"high"
"02","unit_084","market_084",8,0.544915063586923,1,1,7,"high"
"02","unit_084","market_084",9,0.571204585176086,1,1,7,"high"
"02","unit_084","market_084",10,0.755369669244883,1,1,7,"high"
"02","unit_084","market_084",11,0.780306036146402,1,1,7,"high"
"02","unit_084","market_084",12,0.906476513997483,1,1,7,"high"
"02","unit_085","market_085",1,0.310841115521677,0,1,7,"high"
"02","unit_085","market_085",2,0.36929712255839,0,1,7,"high"
"02","unit_085","market_085",3,0.457849251933969,0,1,7,"high"
"02","unit_085","market_085",4,0.541418110661026,0,1,7,"high"
"02","unit_085","market_085",5,0.606328169730793,0,1,7,"high"
"02","unit_085","market_085",6,0.630782038776624,0,1,7,"high"
"02","unit_085","market_085",7,0.878006916115208,1,1,7,"high"
"02","unit_085","market_085",8,0.977482224688608,1,1,7,"high"
"02","unit_085","market_085",9,0.961485663377975,1,1,7,"high"
"02","unit_085","market_085",10,1.16798327160356,1,1,7,"high"
"02","unit_085","market_085",11,1.27801991706767,1,1,7,"high"
"02","unit_085","market_085",12,1.35540632312848,1,1,7,"high"
"02","unit_086","market_086",1,0.241841402857315,0,0,,"high"
"02","unit_086","market_086",2,0.293581182233388,0,0,,"high"
"02","unit_086","market_086",3,0.405617207274929,0,0,,"high"
"02","unit_086","market_086",4,0.446774479277136,0,0,,"high"
"02","unit_086","market_086",5,0.485995946368142,0,0,,"high"
"02","unit_086","market_086",6,0.499982015473708,0,0,,"high"
"02","unit_086","market_086",7,0.584236351752656,0,0,,"high"
"02","unit_086","market_086",8,0.592821346914972,0,0,,"high"
"02","unit_086","market_086",9,0.708268968825232,0,0,,"high"
"02","unit_086","market_086",10,0.765178237936317,0,0,,"high"
"02","unit_086","market_086",11,0.880728083269344,0,0,,"high"
"02","unit_086","market_086",12,0.998214237278695,0,0,,"high"
"02","unit_087","market_087",1,-0.239563513065712,0,1,7,"high"
"02","unit_087","market_087",2,-0.205271837511585,0,1,7,"high"
"02","unit_087","market_087",3,-0.0844827762165543,0,1,7,"high"
"02","unit_087","market_087",4,-0.060989805837249,0,1,7,"high"
"02","unit_087","market_087",5,0.0798514351871832,0,1,7,"high"
"02","unit_087","market_087",6,0.0905923144063024,0,1,7,"high"
"02","unit_087","market_087",7,0.368995752196326,1,1,7,"high"
"02","unit_087","market_087",8,0.408562533567948,1,1,7,"high"
"02","unit_087","market_087",9,0.46328732301901,1,1,7,"high"
"02","unit_087","market_087",10,0.595407530722464,1,1,7,"high"
"02","unit_087","market_087",11,0.677343133253088,1,1,7,"high"
"02","unit_087","market_087",12,0.796531423877722,1,1,7,"high"
"02","unit_088","market_088",1,-0.7812154887127,0,1,7,"high"
"02","unit_088","market_088",2,-0.672301589128452,0,1,7,"high"
"02","unit_088","market_088",3,-0.648533664856201,0,1,7,"high"
"02","unit_088","market_088",4,-0.616207971542685,0,1,7,"high"
"02","unit_088","market_088",5,-0.521106994265168,0,1,7,"high"
"02","unit_088","market_088",6,-0.452817797815897,0,1,7,"high"
"02","unit_088","market_088",7,-0.230452016941777,1,1,7,"high"
"02","unit_088","market_088",8,-0.147823746794446,1,1,7,"high"
"02","unit_088","market_088",9,-0.0707620398434283,1,1,7,"high"
"02","unit_088","market_088",10,-0.0108813774138961,1,1,7,"high"
"02","unit_088","market_088",11,0.0955773522800842,1,1,7,"high"
"02","unit_088","market_088",12,0.265718743508601,1,1,7,"high"
"02","unit_089","market_089",1,-0.191139013138573,0,1,7,"high"
"02","unit_089","market_089",2,-0.0972032916406204,0,1,7,"high"
"02","unit_089","market_089",3,0.00123268533229985,0,1,7,"high"
"02","unit_089","market_089",4,0.0903557629705296,0,1,7,"high"
"02","unit_089","market_089",5,0.152776269642435,0,1,7,"high"
"02","unit_089","market_089",6,0.1158054503133,0,1,7,"high"
"02","unit_089","market_089",7,0.444861297770983,1,1,7,"high"
"02","unit_089","market_089",8,0.444756682618993,1,1,7,"high"
"02","unit_089","market_089",9,0.670816514638948,1,1,7,"high"
"02","unit_089","market_089",10,0.708630045685832,1,1,7,"high"
"02","unit_089","market_089",11,0.748638149810564,1,1,7,"high"
"02","unit_089","market_089",12,0.897768550346939,1,1,7,"high"
"02","unit_090","market_090",1,-0.00363317831780423,0,1,7,"high"
"02","unit_090","market_090",2,0.0389203982549719,0,1,7,"high"
"02","unit_090","market_090",3,0.105560777799147,0,1,7,"high"
"02","unit_090","market_090",4,0.16462220750223,0,1,7,"high"
"02","unit_090","market_090",5,0.19390269988668,0,1,7,"high"
"02","unit_090","market_090",6,0.242272501666244,0,1,7,"high"
"02","unit_090","market_090",7,0.591697309364504,1,1,7,"high"
"02","unit_090","market_090",8,0.619450625183332,1,1,7,"high"
"02","unit_090","market_090",9,0.69485304842234,1,1,7,"high"
"02","unit_090","market_090",10,0.705090856638929,1,1,7,"high"
"02","unit_090","market_090",11,0.88759772463262,1,1,7,"high"
"02","unit_090","market_090",12,0.949513173406906,1,1,7,"high"
"02","unit_091","market_091",1,-0.343055694803936,0,1,7,"high"
"02","unit_091","market_091",2,-0.23295614710529,0,1,7,"high"
"02","unit_091","market_091",3,-0.144211572281178,0,1,7,"high"
"02","unit_091","market_091",4,-0.0705203617961606,0,1,7,"high"
"02","unit_091","market_091",5,-0.0641330648853002,0,1,7,"high"
"02","unit_091","market_091",6,-0.0354419461923559,0,1,7,"high"
"02","unit_091","market_091",7,0.316828309708896,1,1,7,"high"
"02","unit_091","market_091",8,0.336781712366149,1,1,7,"high"
"02","unit_091","market_091",9,0.35107287777931,1,1,7,"high"
"02","unit_091","market_091",10,0.503625136018563,1,1,7,"high"
"02","unit_091","market_091",11,0.605058971535055,1,1,7,"high"
"02","unit_091","market_091",12,0.722738400784565,1,1,7,"high"
"02","unit_092","market_092",1,0.991475606524564,0,0,,"high"
"02","unit_092","market_092",2,1.00788171419625,0,0,,"high"
"02","unit_092","market_092",3,1.07787935787649,0,0,,"high"
"02","unit_092","market_092",4,1.16284240353254,0,0,,"high"
"02","unit_092","market_092",5,1.25914766044296,0,0,,"high"
"02","unit_092","market_092",6,1.25781476309361,0,0,,"high"
"02","unit_092","market_092",7,1.30912830372873,0,0,,"high"
"02","unit_092","market_092",8,1.34837624825373,0,0,,"high"
"02","unit_092","market_092",9,1.41192354973911,0,0,,"high"
"02","unit_092","market_092",10,1.49507228536259,0,0,,"high"
"02","unit_092","market_092",11,1.63280284789023,0,0,,"high"
"02","unit_092","market_092",12,1.722162624361,0,0,,"high"
"02","unit_093","market_093",1,-0.178995185804084,0,0,,"high"
"02","unit_093","market_093",2,-0.059217900960295,0,0,,"high"
"02","unit_093","market_093",3,0.0102176528338813,0,0,,"high"
"02","unit_093","market_093",4,0.0403839960042693,0,0,,"high"
"02","unit_093","market_093",5,0.121169527747639,0,0,,"high"
"02","unit_093","market_093",6,0.170292884704164,0,0,,"high"
"02","unit_093","market_093",7,0.210294723950662,0,0,,"high"
"02","unit_093","market_093",8,0.33248924590734,0,0,,"high"
"02","unit_093","market_093",9,0.394121207498012,0,0,,"high"
"02","unit_093","market_093",10,0.49504196242269,0,0,,"high"
"02","unit_093","market_093",11,0.564996167335282,0,0,,"high"
"02","unit_093","market_093",12,0.662763628509912,0,0,,"high"
"02","unit_094","market_094",1,0.545862333176178,0,1,7,"high"
"02","unit_094","market_094",2,0.682734707914141,0,1,7,"high"
"02","unit_094","market_094",3,0.785840333508573,0,1,7,"high"
"02","unit_094","market_094",4,0.821616102525164,0,1,7,"high"
"02","unit_094","market_094",5,0.887184257781177,0,1,7,"high"
"02","unit_094","market_094",6,0.932055309220375,0,1,7,"high"
"02","unit_094","market_094",7,1.15799159579084,1,1,7,"high"
"02","unit_094","market_094",8,1.30138570363882,1,1,7,"high"
"02","unit_094","market_094",9,1.34995603712724,1,1,7,"high"
"02","unit_094","market_094",10,1.45262453558628,1,1,7,"high"
"02","unit_094","market_094",11,1.59397577220439,1,1,7,"high"
"02","unit_094","market_094",12,1.65117013824795,1,1,7,"high"
"02","unit_095","market_095",1,-0.286715784229048,0,1,7,"high"
"02","unit_095","market_095",2,-0.174193680708438,0,1,7,"high"
"02","unit_095","market_095",3,-0.0945731032846038,0,1,7,"high"
"02","unit_095","market_095",4,-0.0496396123736108,0,1,7,"high"
"02","unit_095","market_095",5,-0.0131902779033638,0,1,7,"high"
"02","unit_095","market_095",6,0.0651034220254262,0,1,7,"high"
"02","unit_095","market_095",7,0.288715442486468,1,1,7,"high"
"02","unit_095","market_095",8,0.409706765738176,1,1,7,"high"
"02","unit_095","market_095",9,0.529688066991173,1,1,7,"high"
"02","unit_095","market_095",10,0.594294473577822,1,1,7,"high"
"02","unit_095","market_095",11,0.693183639554936,1,1,7,"high"
"02","unit_095","market_095",12,0.788635498667325,1,1,7,"high"
"02","unit_096","market_096",1,-0.323106848474189,0,0,,"high"
"02","unit_096","market_096",2,-0.199004086482836,0,0,,"high"
"02","unit_096","market_096",3,-0.0698645621185047,0,0,,"high"
"02","unit_096","market_096",4,-0.0503296650397229,0,0,,"high"
"02","unit_096","market_096",5,-0.0118425928656508,0,0,,"high"
"02","unit_096","market_096",6,0.0345683589153249,0,0,,"high"
"02","unit_096","market_096",7,0.0486566059904157,0,0,,"high"
"02","unit_096","market_096",8,0.105793941745908,0,0,,"high"
"02","unit_096","market_096",9,0.243663721776277,0,0,,"high"
"02","unit_096","market_096",10,0.294477061483505,0,0,,"high"
"02","unit_096","market_096",11,0.40409636120071,0,0,,"high"
"02","unit_096","market_096",12,0.522203911413943,0,0,,"high"
"02","unit_097","market_097",1,0.186412902062579,0,1,7,"high"
"02","unit_097","market_097",2,0.325813286094995,0,1,7,"high"
"02","unit_097","market_097",3,0.356836179570881,0,1,7,"high"
"02","unit_097","market_097",4,0.375038083788779,0,1,7,"high"
"02","unit_097","market_097",5,0.433642037348188,0,1,7,"high"
"02","unit_097","market_097",6,0.543670173785875,0,1,7,"high"
"02","unit_097","market_097",7,0.761973158162424,1,1,7,"high"
"02","unit_097","market_097",8,0.827450814465058,1,1,7,"high"
"02","unit_097","market_097",9,0.910805764192406,1,1,7,"high"
"02","unit_097","market_097",10,1.02503061970129,1,1,7,"high"
"02","unit_097","market_097",11,1.10596464172675,1,1,7,"high"
"02","unit_097","market_097",12,1.25413997652184,1,1,7,"high"
"02","unit_098","market_098",1,-0.0822708857564585,0,0,,"high"
"02","unit_098","market_098",2,0.0280989967272288,0,0,,"high"
"02","unit_098","market_098",3,0.094783903633703,0,0,,"high"
"02","unit_098","market_098",4,0.124908491541825,0,0,,"high"
"02","unit_098","market_098",5,0.242549145484422,0,0,,"high"
"02","unit_098","market_098",6,0.221226125291315,0,0,,"high"
"02","unit_098","market_098",7,0.268077013739719,0,0,,"high"
"02","unit_098","market_098",8,0.295898128662698,0,0,,"high"
"02","unit_098","market_098",9,0.416789910474754,0,0,,"high"
"02","unit_098","market_098",10,0.551057106587112,0,0,,"high"
"02","unit_098","market_098",11,0.601674037577346,0,0,,"high"
"02","unit_098","market_098",12,0.728946572791753,0,0,,"high"
"02","unit_099","market_099",1,-0.0811202997915283,0,1,7,"high"
"02","unit_099","market_099",2,0.00160303081752427,0,1,7,"high"
"02","unit_099","market_099",3,0.105980676900626,0,1,7,"high"
"02","unit_099","market_099",4,0.13196244656162,0,1,7,"high"
"02","unit_099","market_099",5,0.169865653845869,0,1,7,"high"
"02","unit_099","market_099",6,0.240201804605894,0,1,7,"high"
"02","unit_099","market_099",7,0.518654517409128,1,1,7,"high"
"02","unit_099","market_099",8,0.552706169308626,1,1,7,"high"
"02","unit_099","market_099",9,0.678984270043091,1,1,7,"high"
"02","unit_099","market_099",10,0.791945416824375,1,1,7,"high"
"02","unit_099","market_099",11,0.855297561671488,1,1,7,"high"
"02","unit_099","market_099",12,0.983171035998156,1,1,7,"high"
"02","unit_100","market_100",1,0.0129186784320553,0,1,7,"high"
"02","unit_100","market_100",2,0.122873296483381,0,1,7,"high"
"02","unit_100","market_100",3,0.170387783894368,0,1,7,"high"
"02","unit_100","market_100",4,0.272014512580922,0,1,7,"high"
"02","unit_100","market_100",5,0.269956458690576,0,1,7,"high"
"02","unit_100","market_100",6,0.368177125423008,0,1,7,"high"
"02","unit_100","market_100",7,0.634888054746135,1,1,7,"high"
"02","unit_100","market_100",8,0.708615284304109,1,1,7,"high"
"02","unit_100","market_100",9,0.827853558570588,1,1,7,"high"
"02","unit_100","market_100",10,0.852422349185523,1,1,7,"high"
"02","unit_100","market_100",11,1.01657610597712,1,1,7,"high"
"02","unit_100","market_100",12,1.08732856610271,1,1,7,"high"
"02","unit_101","market_101",1,-0.0494122299251175,0,1,7,"high"
"02","unit_101","market_101",2,-0.00495160502955896,0,1,7,"high"
"02","unit_101","market_101",3,0.118271655863234,0,1,7,"high"
"02","unit_101","market_101",4,0.218721826028653,0,1,7,"high"
"02","unit_101","market_101",5,0.271345004064562,0,1,7,"high"
"02","unit_101","market_101",6,0.308422014655703,0,1,7,"high"
"02","unit_101","market_101",7,0.582089586885509,1,1,7,"high"
"02","unit_101","market_101",8,0.691840444358166,1,1,7,"high"
"02","unit_101","market_101",9,0.655649500978134,1,1,7,"high"
"02","unit_101","market_101",10,0.839547255337207,1,1,7,"high"
"02","unit_101","market_101",11,0.949411150861988,1,1,7,"high"
"02","unit_101","market_101",12,1.03361480008404,1,1,7,"high"
"02","unit_102","market_102",1,0.588235249842224,0,0,,"high"
"02","unit_102","market_102",2,0.700081607407802,0,0,,"high"
"02","unit_102","market_102",3,0.737573620277307,0,0,,"high"
"02","unit_102","market_102",4,0.832861252714473,0,0,,"high"
"02","unit_102","market_102",5,0.877572791998841,0,0,,"high"
"02","unit_102","market_102",6,0.955168702220896,0,0,,"high"
"02","unit_102","market_102",7,1.0024349475693,0,0,,"high"
"02","unit_102","market_102",8,1.04879466895904,0,0,,"high"
"02","unit_102","market_102",9,1.12063038890601,0,0,,"high"
"02","unit_102","market_102",10,1.20811098302686,0,0,,"high"
"02","unit_102","market_102",11,1.29242686185396,0,0,,"high"
"02","unit_102","market_102",12,1.39903168479985,0,0,,"high"
"02","unit_103","market_103",1,0.352476272498647,0,0,,"high"
"02","unit_103","market_103",2,0.464076262121941,0,0,,"high"
"02","unit_103","market_103",3,0.526071790726306,0,0,,"high"
"02","unit_103","market_103",4,0.615549640569514,0,0,,"high"
"02","unit_103","market_103",5,0.624272860975015,0,0,,"high"
"02","unit_103","market_103",6,0.652165546980116,0,0,,"high"
"02","unit_103","market_103",7,0.777871552065022,0,0,,"high"
"02","unit_103","market_103",8,0.886838838361563,0,0,,"high"
"02","unit_103","market_103",9,0.859137790488752,0,0,,"high"
"02","unit_103","market_103",10,1.00307541022941,0,0,,"high"
"02","unit_103","market_103",11,1.10240667297583,0,0,,"high"
"02","unit_103","market_103",12,1.19266781109977,0,0,,"high"
"02","unit_104","market_104",1,-0.441694487437426,0,1,7,"high"
"02","unit_104","market_104",2,-0.301154675160409,0,1,7,"high"
"02","unit_104","market_104",3,-0.256489299618334,0,1,7,"high"
"02","unit_104","market_104",4,-0.1630370143797,0,1,7,"high"
"02","unit_104","market_104",5,-0.124788949572532,0,1,7,"high"
"02","unit_104","market_104",6,-0.110327561454087,0,1,7,"high"
"02","unit_104","market_104",7,0.23956196889412,1,1,7,"high"
"02","unit_104","market_104",8,0.2836699908476,1,1,7,"high"
"02","unit_104","market_104",9,0.349127892805421,1,1,7,"high"
"02","unit_104","market_104",10,0.480771664209298,1,1,7,"high"
"02","unit_104","market_104",11,0.523340814772931,1,1,7,"high"
"02","unit_104","market_104",12,0.643384643385764,1,1,7,"high"
"02","unit_105","market_105",1,0.435831880240672,0,1,7,"high"
"02","unit_105","market_105",2,0.536939245251766,0,1,7,"high"
"02","unit_105","market_105",3,0.607976408474906,0,1,7,"high"
"02","unit_105","market_105",4,0.668506976340793,0,1,7,"high"
"02","unit_105","market_105",5,0.743960393600408,0,1,7,"high"
"02","unit_105","market_105",6,0.784303883920847,0,1,7,"high"
"02","unit_105","market_105",7,1.08331976440425,1,1,7,"high"
"02","unit_105","market_105",8,1.11659696088059,1,1,7,"high"
"02","unit_105","market_105",9,1.21417152065283,1,1,7,"high"
"02","unit_105","market_105",10,1.33581927753734,1,1,7,"high"
"02","unit_105","market_105",11,1.45500858978003,1,1,7,"high"
"02","unit_105","market_105",12,1.54703967507034,1,1,7,"high"
"02","unit_106","market_106",1,0.395641146305681,0,1,7,"high"
"02","unit_106","market_106",2,0.574168260072026,0,1,7,"high"
"02","unit_106","market_106",3,0.634746307253883,0,1,7,"high"
"02","unit_106","market_106",4,0.666192585928532,0,1,7,"high"
"02","unit_106","market_106",5,0.70289206717634,0,1,7,"high"
"02","unit_106","market_106",6,0.691975517005791,0,1,7,"high"
"02","unit_106","market_106",7,0.99855318567054,1,1,7,"high"
"02","unit_106","market_106",8,1.07013113545918,1,1,7,"high"
"02","unit_106","market_106",9,1.15655366021936,1,1,7,"high"
"02","unit_106","market_106",10,1.27523649156073,1,1,7,"high"
"02","unit_106","market_106",11,1.40052891193692,1,1,7,"high"
"02","unit_106","market_106",12,1.46742206594488,1,1,7,"high"
"02","unit_107","market_107",1,0.767179279599008,0,1,7,"high"
"02","unit_107","market_107",2,0.798725775005604,0,1,7,"high"
"02","unit_107","market_107",3,0.925065987404555,0,1,7,"high"
"02","unit_107","market_107",4,0.915475568062574,0,1,7,"high"
"02","unit_107","market_107",5,1.02809295812256,0,1,7,"high"
"02","unit_107","market_107",6,0.992231041575337,0,1,7,"high"
"02","unit_107","market_107",7,1.33647887037107,1,1,7,"high"
"02","unit_107","market_107",8,1.41892475693566,1,1,7,"high"
"02","unit_107","market_107",9,1.49124332614084,1,1,7,"high"
"02","unit_107","market_107",10,1.54366481592805,1,1,7,"high"
"02","unit_107","market_107",11,1.65357083111755,1,1,7,"high"
"02","unit_107","market_107",12,1.76774165573201,1,1,7,"high"
"02","unit_108","market_108",1,0.413720261216088,0,1,7,"high"
"02","unit_108","market_108",2,0.479163449601106,0,1,7,"high"
"02","unit_108","market_108",3,0.645460405224869,0,1,7,"high"
"02","unit_108","market_108",4,0.678869873803671,0,1,7,"high"
"02","unit_108","market_108",5,0.720164160652039,0,1,7,"high"
"02","unit_108","market_108",6,0.760667167168559,0,1,7,"high"
"02","unit_108","market_108",7,1.05976443451857,1,1,7,"high"
"02","unit_108","market_108",8,1.09162628565395,1,1,7,"high"
"02","unit_108","market_108",9,1.17938564913348,1,1,7,"high"
"02","unit_108","market_108",10,1.28683983646437,1,1,7,"high"
"02","unit_108","market_108",11,1.34757811693983,1,1,7,"high"
"02","unit_108","market_108",12,1.4977434304762,1,1,7,"high"
"02","unit_109","market_109",1,-0.45790843579286,0,1,7,"high"
"02","unit_109","market_109",2,-0.34222431542358,0,1,7,"high"
"02","unit_109","market_109",3,-0.300514259332284,0,1,7,"high"
"02","unit_109","market_109",4,-0.127251482033921,0,1,7,"high"
"02","unit_109","market_109",5,-0.139082899402056,0,1,7,"high"
"02","unit_109","market_109",6,-0.108357962107455,0,1,7,"high"
"02","unit_109","market_109",7,0.149998845881598,1,1,7,"high"
"02","unit_109","market_109",8,0.229541410673691,1,1,7,"high"
"02","unit_109","market_109",9,0.324982931730608,1,1,7,"high"
"02","unit_109","market_109",10,0.422199518036845,1,1,7,"high"
"02","unit_109","market_109",11,0.503119202443384,1,1,7,"high"
"02","unit_109","market_109",12,0.665723656485577,1,1,7,"high"
"02","unit_110","market_110",1,0.230989324680406,0,1,7,"high"
"02","unit_110","market_110",2,0.331054488624737,0,1,7,"high"
"02","unit_110","market_110",3,0.438320357142445,0,1,7,"high"
"02","unit_110","market_110",4,0.501466917826271,0,1,7,"high"
"02","unit_110","market_110",5,0.511003685088458,0,1,7,"high"
"02","unit_110","market_110",6,0.59061105517311,0,1,7,"high"
"02","unit_110","market_110",7,0.89190569598554,1,1,7,"high"
"02","unit_110","market_110",8,0.977471083742519,1,1,7,"high"
"02","unit_110","market_110",9,0.965170048576491,1,1,7,"high"
"02","unit_110","market_110",10,1.15133982410739,1,1,7,"high"
"02","unit_110","market_110",11,1.26562711428435,1,1,7,"high"
"02","unit_110","market_110",12,1.31818185107846,1,1,7,"high"
"02","unit_111","market_111",1,-0.501136646896104,0,1,7,"high"
"02","unit_111","market_111",2,-0.398938643045839,0,1,7,"high"
"02","unit_111","market_111",3,-0.393117821690301,0,1,7,"high"
"02","unit_111","market_111",4,-0.33281019539421,0,1,7,"high"
"02","unit_111","market_111",5,-0.269686931983338,0,1,7,"high"
"02","unit_111","market_111",6,-0.143634742067464,0,1,7,"high"
"02","unit_111","market_111",7,0.0377024933881505,1,1,7,"high"
"02","unit_111","market_111",8,0.197955413035505,1,1,7,"high"
"02","unit_111","market_111",9,0.220008007536585,1,1,7,"high"
"02","unit_111","market_111",10,0.350742580828065,1,1,7,"high"
"02","unit_111","market_111",11,0.495211083842424,1,1,7,"high"
"02","unit_111","market_111",12,0.495025444560277,1,1,7,"high"
"02","unit_112","market_112",1,0.632058542185204,0,1,7,"high"
"02","unit_112","market_112",2,0.723449050144117,0,1,7,"high"
"02","unit_112","market_112",3,0.84951403075992,0,1,7,"high"
"02","unit_112","market_112",4,0.881988535204593,0,1,7,"high"
"02","unit_112","market_112",5,0.932926814857751,0,1,7,"high"
"02","unit_112","market_112",6,0.944065034733326,0,1,7,"high"
"02","unit_112","market_112",7,1.21336977972781,1,1,7,"high"
"02","unit_112","market_112",8,1.34145259669072,1,1,7,"high"
"02","unit_112","market_112",9,1.3912831287155,1,1,7,"high"
"02","unit_112","market_112",10,1.50083862948107,1,1,7,"high"
"02","unit_112","market_112",11,1.56109850481163,1,1,7,"high"
"02","unit_112","market_112",12,1.72809451980708,1,1,7,"high"
"02","unit_113","market_113",1,0.232852129684308,0,0,,"high"
"02","unit_113","market_113",2,0.357213865626432,0,0,,"high"
"02","unit_113","market_113",3,0.481965492656627,0,0,,"high"
"02","unit_113","market_113",4,0.502180376382294,0,0,,"high"
"02","unit_113","market_113",5,0.597360665508319,0,0,,"high"
"02","unit_113","market_113",6,0.625012343742016,0,0,,"high"
"02","unit_113","market_113",7,0.647365635156069,0,0,,"high"
"02","unit_113","market_113",8,0.72225383459439,0,0,,"high"
"02","unit_113","market_113",9,0.733138866340253,0,0,,"high"
"02","unit_113","market_113",10,0.907642524852083,0,0,,"high"
"02","unit_113","market_113",11,0.966184874997404,0,0,,"high"
"02","unit_113","market_113",12,1.11729098716647,0,0,,"high"
"02","unit_114","market_114",1,0.786193966883345,0,1,7,"high"
"02","unit_114","market_114",2,0.903113730409858,0,1,7,"high"
"02","unit_114","market_114",3,1.00278509860219,0,1,7,"high"
"02","unit_114","market_114",4,1.05761622481086,0,1,7,"high"
"02","unit_114","market_114",5,1.11400234298978,0,1,7,"high"
"02","unit_114","market_114",6,1.19191047993848,0,1,7,"high"
"02","unit_114","market_114",7,1.46045067314858,1,1,7,"high"
"02","unit_114","market_114",8,1.49590744456783,1,1,7,"high"
"02","unit_114","market_114",9,1.57048338067351,1,1,7,"high"
"02","unit_114","market_114",10,1.69581644691453,1,1,7,"high"
"02","unit_114","market_114",11,1.78923709408978,1,1,7,"high"
"02","unit_114","market_114",12,1.88731325848943,1,1,7,"high"
"02","unit_115","market_115",1,0.598296570246627,0,1,7,"high"
"02","unit_115","market_115",2,0.737443642876844,0,1,7,"high"
"02","unit_115","market_115",3,0.808700929936551,0,1,7,"high"
"02","unit_115","market_115",4,0.83817944429507,0,1,7,"high"
"02","unit_115","market_115",5,0.922105991568225,0,1,7,"high"
"02","unit_115","market_115",6,0.989800269248727,0,1,7,"high"
"02","unit_115","market_115",7,1.21191315037065,1,1,7,"high"
"02","unit_115","market_115",8,1.35778201851861,1,1,7,"high"
"02","unit_115","market_115",9,1.41377052195889,1,1,7,"high"
"02","unit_115","market_115",10,1.5665108738051,1,1,7,"high"
"02","unit_115","market_115",11,1.63383193299723,1,1,7,"high"
"02","unit_115","market_115",12,1.71560752460022,1,1,7,"high"
"02","unit_116","market_116",1,0.0370222340418665,0,0,,"high"
"02","unit_116","market_116",2,0.0875080759948146,0,0,,"high"
"02","unit_116","market_116",3,0.166387601086473,0,0,,"high"
"02","unit_116","market_116",4,0.226234318356749,0,0,,"high"
"02","unit_116","market_116",5,0.239334886329313,0,0,,"high"
"02","unit_116","market_116",6,0.320538672246723,0,0,,"high"
"02","unit_116","market_116",7,0.336246447919843,0,0,,"high"
"02","unit_116","market_116",8,0.405439372432471,0,0,,"high"
"02","unit_116","market_116",9,0.503843885862563,0,0,,"high"
"02","unit_116","market_116",10,0.614764955334314,0,0,,"high"
"02","unit_116","market_116",11,0.662359309277925,0,0,,"high"
"02","unit_116","market_116",12,0.782266087600244,0,0,,"high"
"02","unit_117","market_117",1,-0.145707749888085,0,1,7,"high"
"02","unit_117","market_117",2,-0.0240543137661525,0,1,7,"high"
"02","unit_117","market_117",3,0.112412349849696,0,1,7,"high"
"02","unit_117","market_117",4,0.159336861168504,0,1,7,"high"
"02","unit_117","market_117",5,0.113635617990329,0,1,7,"high"
"02","unit_117","market_117",6,0.277848284521657,0,1,7,"high"
"02","unit_117","market_117",7,0.469190160548866,1,1,7,"high"
"02","unit_117","market_117",8,0.589731011023309,1,1,7,"high"
"02","unit_117","market_117",9,0.642526381267849,1,1,7,"high"
"02","unit_117","market_117",10,0.743457175570349,1,1,7,"high"
"02","unit_117","market_117",11,0.902127575636738,1,1,7,"high"
"02","unit_117","market_117",12,0.973737663795881,1,1,7,"high"
"02","unit_118","market_118",1,0.580989113277874,0,1,7,"high"
"02","unit_118","market_118",2,0.696351124544497,0,1,7,"high"
"02","unit_118","market_118",3,0.793091299915641,0,1,7,"high"
"02","unit_118","market_118",4,0.909805909521533,0,1,7,"high"
"02","unit_118","market_118",5,0.91350679201847,0,1,7,"high"
"02","unit_118","market_118",6,0.925636414313441,0,1,7,"high"
"02","unit_118","market_118",7,1.29157601402858,1,1,7,"high"
"02","unit_118","market_118",8,1.29077116399,1,1,7,"high"
"02","unit_118","market_118",9,1.44574908758304,1,1,7,"high"
"02","unit_118","market_118",10,1.52328455258513,1,1,7,"high"
"02","unit_118","market_118",11,1.60140678732146,1,1,7,"high"
"02","unit_118","market_118",12,1.6695930675689,1,1,7,"high"
"02","unit_119","market_119",1,-1.05685641767639,0,1,7,"high"
"02","unit_119","market_119",2,-0.968031662071868,0,1,7,"high"
"02","unit_119","market_119",3,-0.916045600160721,0,1,7,"high"
"02","unit_119","market_119",4,-0.848150082828943,0,1,7,"high"
"02","unit_119","market_119",5,-0.796316375280339,0,1,7,"high"
"02","unit_119","market_119",6,-0.76214448155282,0,1,7,"high"
"02","unit_119","market_119",7,-0.42484949583005,1,1,7,"high"
"02","unit_119","market_119",8,-0.44839008968146,1,1,7,"high"
"02","unit_119","market_119",9,-0.32511400842876,1,1,7,"high"
"02","unit_119","market_119",10,-0.231927492048426,1,1,7,"high"
"02","unit_119","market_119",11,-0.105048593630793,1,1,7,"high"
"02","unit_119","market_119",12,-0.0324587112445366,1,1,7,"high"
"02","unit_120","market_120",1,-0.0634239731743716,0,0,,"high"
"02","unit_120","market_120",2,0.0174584914012495,0,0,,"high"
"02","unit_120","market_120",3,0.118285448695045,0,0,,"high"
"02","unit_120","market_120",4,0.122516193194054,0,0,,"high"
"02","unit_120","market_120",5,0.190971681473294,0,0,,"high"
"02","unit_120","market_120",6,0.312075841849704,0,0,,"high"
"02","unit_120","market_120",7,0.359856066618408,0,0,,"high"
"02","unit_120","market_120",8,0.333654346268527,0,0,,"high"
"02","unit_120","market_120",9,0.427743635623578,0,0,,"high"
"02","unit_120","market_120",10,0.502201881130731,0,0,,"high"
"02","unit_120","market_120",11,0.613807023487741,0,0,,"high"
"02","unit_120","market_120",12,0.772262408162685,0,0,,"high"
